ID,Job Title,Email Address,FirstName LastName
1,Physician,Henry_Lucas8376@yahoo.com,Henry Lucas
2,Dentist,Jasmine_Wren6204@bulaffy.com,Jasmine Wren
3,Biologist,Tyson_Bell9830@extex.org,Tyson Bell
4,Business Broker,Doris_Weatcroft9668@typill.biz,Doris Weatcroft
5,Chef Manager,Johnny_Cork2865@nickia.com,Johnny Cork
6,Baker,Christine_Bradshaw8401@grannar.com,Christine Bradshaw
7,Associate Professor,Kieth_Bennett6544@bretoux.com,Kieth Bennett
8,Cash Manager,Chad_Tindall7990@nickia.com,Chad Tindall
9,Lecturer,Kieth_Herbert5641@atink.com,Kieth Herbert
10,Cook,Rufus_Torres4977@joiniaa.com,Rufus Torres
11,Ambulatory Nurse,Hayden_Bailey9585@liret.org,Hayden Bailey
12,Baker,Hayden_Addis4167@bauros.biz,Hayden Addis
13,Business Broker,Nick_Gibbons1588@nickia.com,Nick Gibbons
14,IT Support Staff,Danielle_Lewin5395@nimogy.biz,Danielle Lewin
15,CNC Operator,Harvey_Hudson8465@bretoux.com,Harvey Hudson
16,Steward,Matthew_Saunders2995@jiman.org,Matthew Saunders
17,Clerk,Bryon_Craig2970@elnee.tech,Bryon Craig
18,Healthcare Specialist,Natalie_Parr1272@kideod.biz,Natalie Parr
19,Global Logistics Supervisor,Chadwick_Walton8853@yahoo.com,Chadwick Walton
20,Pharmacist,Ema_Campbell365@extex.org,Ema Campbell
21,Healthcare Specialist,Amelia_Rixon8169@ubusive.com,Amelia Rixon
22,Chef Manager,Harvey_Gilbert3406@mafthy.com,Harvey Gilbert
23,Restaurant Manager,Javier_Norman7795@eirey.tech,Javier Norman
24,Audiologist,Denis_Judd5678@sveldo.biz,Denis Judd
25,Retail Trainee,Bristol_Connor7841@liret.org,Bristol Connor
26,Chef Manager,Jacqueline_Stewart7896@yahoo.com,Jacqueline Stewart
27,Health Educator,Nick_Rowe2417@deavo.com,Nick Rowe
28,Staffing Consultant,Lorraine_Larkin5113@brety.org,Lorraine Larkin
29,Lecturer,Jayden_Roman5913@mafthy.com,Jayden Roman
30,Project Manager,Johnathan_Tate5148@vetan.org,Johnathan Tate
31,Cash Manager,Anabelle_Norton7755@bulaffy.com,Anabelle Norton
32,CNC Operator,Paige_Tailor2929@gmail.com,Paige Tailor
33,Software Engineer,Camden_Johnson7403@dionrab.com,Camden Johnson
34,Designer,Johnathan_Patel8448@tonsy.org,Johnathan Patel
35,Stockbroker,Clarissa_Archer2107@bauros.biz,Clarissa Archer
36,Physician,Jackeline_Yarwood7422@ovock.tech,Jackeline Yarwood
37,Pharmacist,Fred_Weasley7182@womeona.net,Fred Weasley
38,Machine Operator,Joyce_Cartwright7916@bungar.biz,Joyce Cartwright
39,HR Specialist,Daron_Reid7168@ubusive.com,Daron Reid
40,Biologist,Russel_Hopkinson6179@ovock.tech,Russel Hopkinson
41,Laboratory Technician,Emerald_Sherry8066@typill.biz,Emerald Sherry
42,Banker,Noah_Ebden808@nimogy.biz,Noah Ebden
43,Doctor,Nick_Silva1343@sveldo.biz,Nick Silva
44,Pharmacist,William_Mould5284@gembat.biz,William Mould
45,Assistant Buyer,Emerald_Radley9473@sveldo.biz,Emerald Radley
46,Production Painter,Marissa_Whitmore3913@mafthy.com,Marissa Whitmore
47,Machine Operator,Lindsay_Knight4208@qater.org,Lindsay Knight
48,Restaurant Manager,Candice_Reid2579@corti.com,Candice Reid
49,Global Logistics Supervisor,Aiden_Henderson5667@gompie.com,Aiden Henderson
50,Retail Trainee,Harry_Hopkins1971@deons.tech,Harry Hopkins
51,Loan Officer,Kieth_Rigg7535@irrepsy.com,Kieth Rigg
52,Lecturer,Rosa_Ulyatt3910@joiniaa.com,Rosa Ulyatt
53,Ambulatory Nurse,Martin_Mason8590@gmail.com,Martin Mason
54,Treasurer,Alessia_Hale6913@gembat.biz,Alessia Hale
55,Restaurant Manager,Angelique_Jones8623@tonsy.org,Angelique Jones
56,Doctor,Caleb_Calderwood4478@corti.com,Caleb Calderwood
57,Associate Professor,Lorraine_Weatcroft3687@nickia.com,Lorraine Weatcroft
58,Food Technologist,Denny_Price1303@nanoff.biz,Denny Price
59,Machine Operator,Penny_Boden2626@supunk.biz,Penny Boden
60,Bookkeeper,Alan_Ellis1806@mafthy.com,Alan Ellis
61,Baker,Boris_Wood8645@nanoff.biz,Boris Wood
62,Baker,Adalie_Tailor3306@iatim.tech,Adalie Tailor
63,Operator,Chad_Irwin6056@nimogy.biz,Chad Irwin
64,Mobile Developer,William_Kerr9401@atink.com,William Kerr
65,Bookkeeper,Anthony_Tailor1788@nickia.com,Anthony Tailor
66,Pharmacist,Alison_Shaw185@extex.org,Alison Shaw
67,Bellman,Charlize_Crawford1895@bauros.biz,Charlize Crawford
68,Systems Administrator,Nathan_Vane2516@joiniaa.com,Nathan Vane
69,Service Supervisor,Abbey_Khan9445@muall.tech,Abbey Khan
70,Budget Analyst,Isabel_Roman7898@deons.tech,Isabel Roman
71,Insurance Broker,Valerie_Marshall8790@jiman.org,Valerie Marshall
72,Restaurant Manager,Belinda_Dillon8559@mafthy.com,Belinda Dillon
73,Software Engineer,Erin_Blackburn6400@atink.com,Erin Blackburn
74,Fabricator,Maya_Butler1996@ubusive.com,Maya Butler
75,Machine Operator,Carl_Hill2573@kideod.biz,Carl Hill
76,Design Engineer,Alan_Verdon9625@elnee.tech,Alan Verdon
77,Inspector,Bethany_Rodwell1432@deons.tech,Bethany Rodwell
78,Physician,Angela_Roman9838@jiman.org,Angela Roman
79,Healthcare Specialist,Candice_Cattell8326@muall.tech,Candice Cattell
80,Electrician,Scarlett_Rose7660@nanoff.biz,Scarlett Rose
81,Restaurant Manager,Cedrick_Rycroft9084@cispeto.com,Cedrick Rycroft
82,Webmaster,Danny_Mann7295@nimogy.biz,Danny Mann
83,Biologist,Wendy_Carter9418@deavo.com,Wendy Carter
84,Loan Officer,Boris_Hooper1079@extex.org,Boris Hooper
85,Investment  Advisor,Erica_Bailey5004@twipet.com,Erica Bailey
86,Electrician,Maxwell_Osman9790@infotech44.tech,Maxwell Osman
87,Doctor,Ruth_Whitehouse2435@irrepsy.com,Ruth Whitehouse
88,Ambulatory Nurse,Adeline_Taylor575@gembat.biz,Adeline Taylor
89,Business Broker,Matthew_Booth5516@qater.org,Matthew Booth
90,Cashier,Tyler_Daniells8301@muall.tech,Tyler Daniells
91,Insurance Broker,Marie_Overson258@famism.biz,Marie Overson
92,Staffing Consultant,Caitlyn_Raven2392@deavo.com,Caitlyn Raven
93,Operator,Ron_Oldfield2668@deavo.com,Ron Oldfield
94,Cash Manager,Valerie_Plumb9140@supunk.biz,Valerie Plumb
95,Project Manager,Britney_Vince3223@nickia.com,Britney Vince
96,Healthcare Specialist,Domenic_Santos4881@irrepsy.com,Domenic Santos
97,Restaurant Manager,Sabina_Roberts7456@gompie.com,Sabina Roberts
98,Software Engineer,Liam_Shelton6945@deavo.com,Liam Shelton
99,Designer,Estrella_White4766@womeona.net,Estrella White
100,Executive Director,Holly_Scott8836@infotech44.tech,Holly Scott
101,Fabricator,Javier_Williams909@ovock.tech,Javier Williams
102,Doctor,Sarah_Larsen7845@sveldo.biz,Sarah Larsen
103,Banker,Scarlett_Fleming7633@jiman.org,Scarlett Fleming
104,Webmaster,Denny_Andrews1667@atink.com,Denny Andrews
105,Clerk,Erick_Radcliffe4662@naiker.biz,Erick Radcliffe
106,Operator,Brad_Martin5619@mafthy.com,Brad Martin
107,Clerk,Renee_Dallas7060@irrepsy.com,Renee Dallas
108,CNC Operator,Nathan_Foxley9873@womeona.net,Nathan Foxley
109,Stockbroker,Jade_Mason1139@gmail.com,Jade Mason
110,Cook,Ramon_Raven3335@cispeto.com,Ramon Raven
111,IT Support Staff,Sydney_West5680@bungar.biz,Sydney West
112,Inspector,Nathan_Wilkinson2121@tonsy.org,Nathan Wilkinson
113,Lecturer,Sienna_Faulkner431@tonsy.org,Sienna Faulkner
114,Machine Operator,Harry_Attwood8887@iatim.tech,Harry Attwood
115,Project Manager,Lauren_Simpson7586@famism.biz,Lauren Simpson
116,Ambulatory Nurse,Megan_Richardson7640@eirey.tech,Megan Richardson
117,Stockbroker,Francesca_Hopkinson747@yahoo.com,Francesca Hopkinson
118,Bellman,Rick_Upsdell8915@womeona.net,Rick Upsdell
119,Global Logistics Supervisor,Peter_Rigg2510@vetan.org,Peter Rigg
120,Paramedic,Eden_Carter6742@womeona.net,Eden Carter
121,Banker,Bristol_Keys3451@typill.biz,Bristol Keys
122,Call Center Representative,Belinda_Nash1589@liret.org,Belinda Nash
123,Cashier,Selena_Bryant1330@zorer.org,Selena Bryant
124,Fabricator,Leah_Moss3378@fuliss.net,Leah Moss
125,Treasurer,Marvin_Welsch1383@guentu.biz,Marvin Welsch
126,Production Painter,Marvin_Chapman2541@twace.org,Marvin Chapman
127,Systems Administrator,Ivy_Salt7812@eirey.tech,Ivy Salt
128,HR Specialist,Maribel_Reynolds218@ovock.tech,Maribel Reynolds
129,Design Engineer,Matthew_Powell1024@womeona.net,Matthew Powell
130,Food Technologist,Oliver_Martin7771@womeona.net,Oliver Martin
131,Accountant,Rufus_Stubbs8670@grannar.com,Rufus Stubbs
132,HR Coordinator,Tyler_Donnelly7599@ubusive.com,Tyler Donnelly
133,Retail Trainee,Summer_Simpson5120@ubusive.com,Summer Simpson
134,Cashier,Drew_Pitt6620@naiker.biz,Drew Pitt
135,Food Technologist,Camila_Cowan4954@jiman.org,Camila Cowan
136,Production Painter,Agnes_Armstrong1434@kideod.biz,Agnes Armstrong
137,Insurance Broker,Sofie_Rodgers1687@twace.org,Sofie Rodgers
138,Audiologist,Logan_Fulton4985@guentu.biz,Logan Fulton
139,Staffing Consultant,Audrey_Walsh7782@irrepsy.com,Audrey Walsh
140,IT Support Staff,Marla_Hunter8001@zorer.org,Marla Hunter
141,Physician,Domenic_Whinter3@atink.com,Domenic Whinter
142,Pharmacist,Ally_Umney1601@bauros.biz,Ally Umney
143,Ambulatory Nurse,Leah_Paterson3163@gembat.biz,Leah Paterson
144,Machine Operator,Shannon_Fisher4355@fuliss.net,Shannon Fisher
145,Associate Professor,Melanie_Robinson4109@nimogy.biz,Melanie Robinson
146,Bellman,Davina_Pope9704@nimogy.biz,Davina Pope
147,Business Broker,Chad_Ellwood1000@kideod.biz,Chad Ellwood
148,Healthcare Specialist,Johnny_Maxwell843@supunk.biz,Johnny Maxwell
149,Dentist,Elena_Weatcroft4953@dionrab.com,Elena Weatcroft
150,IT Support Staff,Andie_Chappell9970@bauros.biz,Andie Chappell
151,Insurance Broker,Owen_Knott1120@twace.org,Owen Knott
152,Loan Officer,Makena_Bradshaw9368@gembat.biz,Makena Bradshaw
153,Bookkeeper,Mary_Hardwick7799@nanoff.biz,Mary Hardwick
154,Dentist,Chester_Todd2447@acrit.org,Chester Todd
155,Design Engineer,Bob_Needham8870@cispeto.com,Bob Needham
156,Design Engineer,Penelope_Cork1286@acrit.org,Penelope Cork
157,Audiologist,Chester_Larsen9293@atink.com,Chester Larsen
158,Service Supervisor,Lucy_Callan6761@deavo.com,Lucy Callan
159,Accountant,Ron_Jones7059@bungar.biz,Ron Jones
160,Service Supervisor,Rufus_Lewis8357@sheye.org,Rufus Lewis
161,Auditor,Rosalie_Vincent7909@mafthy.com,Rosalie Vincent
162,Steward,Owen_Morrow2400@ubusive.com,Owen Morrow
163,Staffing Consultant,Tony_Walsh4744@gmail.com,Tony Walsh
164,Biologist,Carmella_Tindall4418@grannar.com,Carmella Tindall
165,Systems Administrator,Martin_Furnell858@jiman.org,Martin Furnell
166,Webmaster,Oliver_Evans5969@yahoo.com,Oliver Evans
167,Dentist,Leilani_Buckley8167@mafthy.com,Leilani Buckley
168,Restaurant Manager,Barney_White8646@gembat.biz,Barney White
169,Production Painter,Lara_Campbell842@gembat.biz,Lara Campbell
170,Bookkeeper,Juliette_Woodcock625@fuliss.net,Juliette Woodcock
171,Banker,Kieth_Penn4390@brety.org,Kieth Penn
172,Production Painter,Cedrick_Rogan8842@joiniaa.com,Cedrick Rogan
173,Electrician,Erick_Pierce7490@jiman.org,Erick Pierce
174,Staffing Consultant,Carter_Simmons3830@corti.com,Carter Simmons
175,Assistant Buyer,Tyson_Warner2923@typill.biz,Tyson Warner
176,Biologist,Marie_Glass5727@guentu.biz,Marie Glass
177,Executive Director,Mya_Wheeler6141@eirey.tech,Mya Wheeler
178,Electrician,Fred_Simpson8211@joiniaa.com,Fred Simpson
179,Bellman,Sabrina_Nicholls186@gompie.com,Sabrina Nicholls
180,Mobile Developer,George_Rogers5020@brety.org,George Rogers
181,Design Engineer,Johnny_Webster5583@eirey.tech,Johnny Webster
182,Associate Professor,Penelope_Preston4830@dionrab.com,Penelope Preston
183,Business Broker,Hannah_Trent905@deavo.com,Hannah Trent
184,HR Coordinator,Cedrick_Utterson9755@jiman.org,Cedrick Utterson
185,Baker,Rick_Parsons9901@yahoo.com,Rick Parsons
186,Dentist,Macy_Walsh590@jiman.org,Macy Walsh
187,Investment  Advisor,Percy_Ellison5848@mafthy.com,Percy Ellison
188,Staffing Consultant,Bob_Exton6375@bulaffy.com,Bob Exton
189,Health Educator,Alice_Thatcher7435@vetan.org,Alice Thatcher
190,Healthcare Specialist,Freya_Richardson2928@tonsy.org,Freya Richardson
191,Inspector,Elisabeth_Allington5891@joiniaa.com,Elisabeth Allington
192,Budget Analyst,Bart_Baker7485@hourpy.biz,Bart Baker
193,Cashier,Nicholas_Holt7201@irrepsy.com,Nicholas Holt
194,Treasurer,Sofia_Mooney7678@mafthy.com,Sofia Mooney
195,Staffing Consultant,Noemi_Morgan1670@sheye.org,Noemi Morgan
196,Paramedic,Anthony_Brooks8258@iatim.tech,Anthony Brooks
197,Doctor,Noah_Vass870@deons.tech,Noah Vass
198,Dentist,Phillip_James2563@elnee.tech,Phillip James
199,Cook,Renee_Lane3227@irrepsy.com,Renee Lane
200,Banker,Alexia_Newman5040@sveldo.biz,Alexia Newman
201,Cashier,Nathan_Ainsworth6845@zorer.org,Nathan Ainsworth
202,Software Engineer,Peter_Button9659@corti.com,Peter Button
203,Lecturer,Jenna_Wright8296@nimogy.biz,Jenna Wright
204,Inspector,Wade_Oatway2887@muall.tech,Wade Oatway
205,Project Manager,Jazmin_Osmond4699@guentu.biz,Jazmin Osmond
206,Electrician,Fred_Casey708@naiker.biz,Fred Casey
207,Production Painter,Nathan_Fowler7321@mafthy.com,Nathan Fowler
208,Production Painter,Renee_Mcguire3080@brety.org,Renee Mcguire
209,Treasurer,Rita_Whitehouse7348@grannar.com,Rita Whitehouse
210,Designer,Colleen_Warden527@muall.tech,Colleen Warden
211,Health Educator,Maxwell_Russell2333@twipet.com,Maxwell Russell
212,Bookkeeper,Marjorie_Widdows9401@liret.org,Marjorie Widdows
213,Fabricator,Vanessa_Olivier9399@nickia.com,Vanessa Olivier
214,Restaurant Manager,Jules_Locke7292@muall.tech,Jules Locke
215,Inspector,Melania_Dickson9285@bulaffy.com,Melania Dickson
216,Inspector,Jazmin_Warden4536@ubusive.com,Jazmin Warden
217,Front Desk Coordinator,Jacob_Wright2864@grannar.com,Jacob Wright
218,Treasurer,Liam_Chapman1777@mafthy.com,Liam Chapman
219,Associate Professor,Vanessa_Denton6641@bulaffy.com,Vanessa Denton
220,Webmaster,Ron_Butler8142@jiman.org,Ron Butler
221,Production Painter,Alexander_Gardner1716@infotech44.tech,Alexander Gardner
222,Clerk,Kamila_Warren2274@gompie.com,Kamila Warren
223,Treasurer,Hayden_Gilbert6156@bungar.biz,Hayden Gilbert
224,HR Coordinator,Mike_Gilmore8559@nimogy.biz,Mike Gilmore
225,Audiologist,Sloane_Turner8337@ovock.tech,Sloane Turner
226,Paramedic,Scarlett_Corbett9311@nimogy.biz,Scarlett Corbett
227,Lecturer,Martin_Clayton2020@vetan.org,Martin Clayton
228,Chef Manager,Kate_Funnell312@qater.org,Kate Funnell
229,Assistant Buyer,Jackeline_Osman7537@bulaffy.com,Jackeline Osman
230,Food Technologist,Angelina_Hepburn9432@brety.org,Angelina Hepburn
231,Bellman,Boris_Dixon2412@acrit.org,Boris Dixon
232,Retail Trainee,Liam_Poulton4927@yahoo.com,Liam Poulton
233,HR Coordinator,Johnathan_Smith4566@elnee.tech,Johnathan Smith
234,Bellman,Taylor_Ellwood6091@sveldo.biz,Taylor Ellwood
235,Auditor,Livia_Noon6110@ovock.tech,Livia Noon
236,Mobile Developer,Anabelle_Rowan2105@nanoff.biz,Anabelle Rowan
237,Restaurant Manager,Natalie_Greenwood6315@hourpy.biz,Natalie Greenwood
238,Service Supervisor,Wade_Carson4651@zorer.org,Wade Carson
239,Accountant,Bob_Hunt4804@bungar.biz,Bob Hunt
240,Associate Professor,Tyson_Myatt6884@ubusive.com,Tyson Myatt
241,Ambulatory Nurse,Logan_Wooldridge2477@ovock.tech,Logan Wooldridge
242,Ambulatory Nurse,Ron_Thomson2937@bretoux.com,Ron Thomson
243,HR Specialist,Jasmine_Robinson4523@bauros.biz,Jasmine Robinson
244,Web Developer,Lana_Reynolds4123@twipet.com,Lana Reynolds
245,Biologist,Valentina_Harris5724@infotech44.tech,Valentina Harris
246,Investment  Advisor,Nick_Dempsey4176@eirey.tech,Nick Dempsey
247,Pharmacist,Oliver_Morrow4717@deons.tech,Oliver Morrow
248,Executive Director,Ember_Plant570@irrepsy.com,Ember Plant
249,Insurance Broker,Kurt_Lane7212@corti.com,Kurt Lane
250,Food Technologist,Grace_Wigley5191@iatim.tech,Grace Wigley
251,Electrician,Norah_Vernon7780@yahoo.com,Norah Vernon
252,Health Educator,Andrea_Nobbs3345@supunk.biz,Andrea Nobbs
253,Production Painter,Julian_Jarvis597@deavo.com,Julian Jarvis
254,Web Developer,Benny_Rossi1930@typill.biz,Benny Rossi
255,Dentist,Michael_Howard9457@elnee.tech,Michael Howard
256,Banker,Bob_Simpson4017@typill.biz,Bob Simpson
257,Physician,Daniel_Mitchell3898@muall.tech,Daniel Mitchell
258,Baker,Luke_Wilton5247@sveldo.biz,Luke Wilton
259,Mobile Developer,Eduardo_Brennan339@ubusive.com,Eduardo Brennan
260,Healthcare Specialist,Peter_Nielson5426@deavo.com,Peter Nielson
261,Service Supervisor,Juliette_Eastwood8772@supunk.biz,Juliette Eastwood
262,Restaurant Manager,Barry_Preston921@mafthy.com,Barry Preston
263,Healthcare Specialist,Hailey_Foxley7323@typill.biz,Hailey Foxley
264,Bookkeeper,George_Poole2031@joiniaa.com,George Poole
265,HR Specialist,Marina_Clifford9199@twace.org,Marina Clifford
266,Healthcare Specialist,Helen_Ianson5040@womeona.net,Helen Ianson
267,Executive Director,Emely_Hastings5322@gmail.com,Emely Hastings
268,Operator,Leanne_Stone 4640@sheye.org,Leanne Stone 
269,Fabricator,Michael_Wilde5927@sheye.org,Michael Wilde
270,Pharmacist,Mason_Wren6723@zorer.org,Mason Wren
271,Software Engineer,Sebastian_Glynn5887@typill.biz,Sebastian Glynn
272,Clerk,Abdul_Hale7436@yahoo.com,Abdul Hale
273,Baker,Sebastian_Hall5425@acrit.org,Sebastian Hall
274,Fabricator,Michael_Rainford6575@sheye.org,Michael Rainford
275,Electrician,Julius_Mcnally700@kideod.biz,Julius Mcnally
276,Laboratory Technician,Gabriel_Collins5427@zorer.org,Gabriel Collins
277,Treasurer,Jessica_Welsch7018@guentu.biz,Jessica Welsch
278,Healthcare Specialist,Christine_Allen3553@gembat.biz,Christine Allen
279,Inspector,Clint_Ellis959@womeona.net,Clint Ellis
280,Design Engineer,Ronald_Ellison5040@bungar.biz,Ronald Ellison
281,Physician,Vera_Quinn4100@iatim.tech,Vera Quinn
282,Electrician,Alexander_Gavin723@brety.org,Alexander Gavin
283,Design Engineer,Hope_Atkinson1464@supunk.biz,Hope Atkinson
284,Dentist,Nicholas_Partridge6396@sveldo.biz,Nicholas Partridge
285,Budget Analyst,Agnes_Flanders3152@gembat.biz,Agnes Flanders
286,Software Engineer,Daron_White4906@liret.org,Daron White
287,Electrician,Kimberly_Rehman5054@nimogy.biz,Kimberly Rehman
288,Restaurant Manager,Josh_Gonzales2172@sheye.org,Josh Gonzales
289,Software Engineer,Camden_Reid833@elnee.tech,Camden Reid
290,Electrician,Denis_Ashwell3826@qater.org,Denis Ashwell
291,Webmaster,Denny_Welsch5120@joiniaa.com,Denny Welsch
292,Insurance Broker,Paula_Bullock2798@irrepsy.com,Paula Bullock
293,Production Painter,Benny_Welsch755@corti.com,Benny Welsch
294,Restaurant Manager,Bryon_Porter4257@muall.tech,Bryon Porter
295,Associate Professor,Destiny_Kerr7318@typill.biz,Destiny Kerr
296,Food Technologist,Mark_Chester1683@fuliss.net,Mark Chester
297,Insurance Broker,Owen_Stuart3393@irrepsy.com,Owen Stuart
298,Service Supervisor,Nina_Garcia962@irrepsy.com,Nina Garcia
299,CNC Operator,Harry_Gilmore1680@liret.org,Harry Gilmore
300,Design Engineer,Henry_Rose6168@jiman.org,Henry Rose
301,Clerk,Gabriel_Upton8438@twipet.com,Gabriel Upton
302,Cook,Chad_Abbey2980@bretoux.com,Chad Abbey
303,Insurance Broker,Harvey_Ulyatt3464@gompie.com,Harvey Ulyatt
304,Cash Manager,Bridget_Forth56@bauros.biz,Bridget Forth
305,Bellman,Skylar_Lloyd4758@hourpy.biz,Skylar Lloyd
306,Biologist,Marvin_Shepherd6203@sheye.org,Marvin Shepherd
307,HR Coordinator,Ronald_Glynn5586@gompie.com,Ronald Glynn
308,Cashier,Georgia_Blackburn5085@joiniaa.com,Georgia Blackburn
309,Software Engineer,Kieth_Robertson4323@ubusive.com,Kieth Robertson
310,Insurance Broker,Benny_Vinton8103@typill.biz,Benny Vinton
311,Steward,Robyn_James6359@nickia.com,Robyn James
312,Physician,Elena_Hardwick4244@kideod.biz,Elena Hardwick
313,Designer,Julian_Stark639@deavo.com,Julian Stark
314,Banker,Clint_Hill6706@typill.biz,Clint Hill
315,Chef Manager,Camden_Kidd2437@zorer.org,Camden Kidd
316,Designer,Rhea_Harrison6076@irrepsy.com,Rhea Harrison
317,Chef Manager,Mason_Jacobs1090@yahoo.com,Mason Jacobs
318,Front Desk Coordinator,Alan_Butler9386@eirey.tech,Alan Butler
319,Budget Analyst,Julius_Yarwood2007@zorer.org,Julius Yarwood
320,Dentist,Faith_Plant7829@gembat.biz,Faith Plant
321,Front Desk Coordinator,Sonya_Vinton8360@eirey.tech,Sonya Vinton
322,Baker,Ryan_Newton434@muall.tech,Ryan Newton
323,Pharmacist,Rocco_Patel1388@bretoux.com,Rocco Patel
324,Cash Manager,Chris_Emmett2021@nimogy.biz,Chris Emmett
325,Front Desk Coordinator,Chuck_Bennett8934@womeona.net,Chuck Bennett
326,Cash Manager,Martin_Hopkinson5358@bauros.biz,Martin Hopkinson
327,HR Specialist,Caleb_Willis1531@gompie.com,Caleb Willis
328,Design Engineer,Erica_Farmer8157@atink.com,Erica Farmer
329,Treasurer,Eduardo_Terry6433@corti.com,Eduardo Terry
330,Cook,Javier_Ryan849@corti.com,Javier Ryan
331,Designer,Camellia_Gates2188@bauros.biz,Camellia Gates
332,Lecturer,Caleb_Price6837@twace.org,Caleb Price
333,Production Painter,Bridget_Preston2715@qater.org,Bridget Preston
334,Fabricator,Kaylee_Ingram1535@deons.tech,Kaylee Ingram
335,Loan Officer,Phillip_Jordan7275@fuliss.net,Phillip Jordan
336,Investment  Advisor,Daniel_Gates7081@infotech44.tech,Daniel Gates
337,Call Center Representative,Carl_Forester320@liret.org,Carl Forester
338,CNC Operator,Carl_Veale3144@famism.biz,Carl Veale
339,Treasurer,Leroy_Holt3671@ovock.tech,Leroy Holt
340,Audiologist,Gabriel_Antcliff4358@twipet.com,Gabriel Antcliff
341,Service Supervisor,Manuel_Freeburn4981@elnee.tech,Manuel Freeburn
342,Insurance Broker,Cedrick_Varndell8315@iatim.tech,Cedrick Varndell
343,Health Educator,Percy_Plumb2076@tonsy.org,Percy Plumb
344,Treasurer,Chloe_Irving8024@bungar.biz,Chloe Irving
345,Healthcare Specialist,Cedrick_Asher970@jiman.org,Cedrick Asher
346,Executive Director,Maxwell_Dempsey6793@nanoff.biz,Maxwell Dempsey
347,Business Broker,Nick_Graham5707@grannar.com,Nick Graham
348,Designer,Chuck_Scott5800@ovock.tech,Chuck Scott
349,Biologist,Megan_Thomson4473@iatim.tech,Megan Thomson
350,Physician,Tyler_Strong7690@liret.org,Tyler Strong
351,Associate Professor,Evelynn_Jeffery2255@atink.com,Evelynn Jeffery
352,HR Coordinator,Jenna_Stubbs9419@sveldo.biz,Jenna Stubbs
353,Associate Professor,Megan_Power4641@iatim.tech,Megan Power
354,Laboratory Technician,Johnathan_Morris1426@irrepsy.com,Johnathan Morris
355,Business Broker,Sebastian_Speed1753@gembat.biz,Sebastian Speed
356,Chef Manager,Jennifer_Vangness1691@ubusive.com,Jennifer Vangness
357,Cook,Tom_Wilcox1842@nimogy.biz,Tom Wilcox
358,HR Coordinator,Julius_Seymour1229@gembat.biz,Julius Seymour
359,Production Painter,Matt_Kaur9910@muall.tech,Matt Kaur
360,Production Painter,David_Harrison6041@twace.org,David Harrison
361,Service Supervisor,Danny_Thomson8281@cispeto.com,Danny Thomson
362,Physician,Henry_Dallas1588@ovock.tech,Henry Dallas
363,Business Broker,Nicole_Walsh7025@eirey.tech,Nicole Walsh
364,HR Coordinator,Priscilla_Farmer1843@gompie.com,Priscilla Farmer
365,Electrician,Lana_Knight7218@gompie.com,Lana Knight
366,Assistant Buyer,Celia_Sloan9319@bretoux.com,Celia Sloan
367,Assistant Buyer,Gil_Lowe3746@muall.tech,Gil Lowe
368,Physician,Chad_Rowlands7542@zorer.org,Chad Rowlands
369,Cook,Cedrick_Cavanagh4163@deavo.com,Cedrick Cavanagh
370,Service Supervisor,Julius_Fall3311@atink.com,Julius Fall
371,Dentist,Angelina_Nelson7039@kideod.biz,Angelina Nelson
372,Operator,Hank_Scott139@extex.org,Hank Scott
373,Lecturer,Clint_Hill9198@deavo.com,Clint Hill
374,Laboratory Technician,Jade_Abbey9888@tonsy.org,Jade Abbey
375,Front Desk Coordinator,Mark_Clifford6871@dionrab.com,Mark Clifford
376,Operator,Sylvia_Daniells1055@bretoux.com,Sylvia Daniells
377,Production Painter,Abdul_Noach368@bulaffy.com,Abdul Noach
378,Dentist,Erica_Vincent6656@typill.biz,Erica Vincent
379,Treasurer,Eduardo_Exton227@gembat.biz,Eduardo Exton
380,Webmaster,Roger_Cameron8446@acrit.org,Roger Cameron
381,Stockbroker,Daphne_Terry9840@nanoff.biz,Daphne Terry
382,Healthcare Specialist,Aiden_Craig4257@bretoux.com,Aiden Craig
383,Laboratory Technician,Barney_Chadwick8689@bulaffy.com,Barney Chadwick
384,Insurance Broker,Johnathan_John9978@zorer.org,Johnathan John
385,Electrician,Alex_Varndell6933@mafthy.com,Alex Varndell
386,Front Desk Coordinator,Abdul_Lynn8389@gembat.biz,Abdul Lynn
387,Lecturer,Barney_Vince2783@supunk.biz,Barney Vince
388,Food Technologist,Nathan_Townend204@bulaffy.com,Nathan Townend
389,Retail Trainee,Margaret_Dickson8645@deons.tech,Margaret Dickson
390,Executive Director,Rosa_Cann9734@bretoux.com,Rosa Cann
391,IT Support Staff,Logan_Warren9825@dionrab.com,Logan Warren
392,Cook,Jayden_Doherty2777@twipet.com,Jayden Doherty
393,Design Engineer,Chris_Bolton1495@fuliss.net,Chris Bolton
394,Webmaster,Owen_Foxley571@corti.com,Owen Foxley
395,Pharmacist,Jamie_Phillips7676@atink.com,Jamie Phillips
396,IT Support Staff,Liliana_Healy9969@hourpy.biz,Liliana Healy
397,Chef Manager,Matt_Richardson848@corti.com,Matt Richardson
398,Doctor,Carter_Cox3668@womeona.net,Carter Cox
399,Front Desk Coordinator,Meredith_Ring7980@irrepsy.com,Meredith Ring
400,Chef Manager,Domenic_Kirby9415@bungar.biz,Domenic Kirby
401,Service Supervisor,Joseph_Herbert5080@hourpy.biz,Joseph Herbert
402,Bellman,Erin_Newman4929@brety.org,Erin Newman
403,Designer,Faith_Saunders2999@hourpy.biz,Faith Saunders
404,Lecturer,Georgia_Morrison919@joiniaa.com,Georgia Morrison
405,Mobile Developer,Evelynn_Rainford1195@gompie.com,Evelynn Rainford
406,Machine Operator,Chris_Rivers7248@liret.org,Chris Rivers
407,Staffing Consultant,Sara_Uttley6833@acrit.org,Sara Uttley
408,Loan Officer,Jane_Tyler8334@iatim.tech,Jane Tyler
409,Webmaster,Carl_Purvis5179@acrit.org,Carl Purvis
410,Biologist,Abdul_Vince5098@ovock.tech,Abdul Vince
411,Cook,Noah_Stone2337@sheye.org,Noah Stone
412,Auditor,Alessia_Larsen4202@typill.biz,Alessia Larsen
413,Physician,Daniel_Tobin7940@atink.com,Daniel Tobin
414,Treasurer,Winnie_Quinnell993@vetan.org,Winnie Quinnell
415,Service Supervisor,Elijah_Rainford8327@sveldo.biz,Elijah Rainford
416,Ambulatory Nurse,Priscilla_Gunn9388@atink.com,Priscilla Gunn
417,Ambulatory Nurse,Johnathan_Spencer5769@bulaffy.com,Johnathan Spencer
418,Operator,Gloria_Quinn4629@famism.biz,Gloria Quinn
419,Auditor,Rocco_Baker7838@deavo.com,Rocco Baker
420,Laboratory Technician,Tyson_Clarke3271@gmail.com,Tyson Clarke
421,Steward,Roger_Watt7356@yahoo.com,Roger Watt
422,Design Engineer,Bob_Gunn8999@supunk.biz,Bob Gunn
423,Physician,Wade_Wise8667@eirey.tech,Wade Wise
424,Laboratory Technician,Domenic_Hepburn7172@bungar.biz,Domenic Hepburn
425,Service Supervisor,Teagan_Skinner5167@typill.biz,Teagan Skinner
426,Fabricator,Henry_Hamilton5159@corti.com,Henry Hamilton
427,Stockbroker,Cecilia_Hewitt4939@sveldo.biz,Cecilia Hewitt
428,Software Engineer,Marie_Richards1450@bretoux.com,Marie Richards
429,Audiologist,Harmony_Shaw7722@tonsy.org,Harmony Shaw
430,Health Educator,Sylvia_Reynolds693@guentu.biz,Sylvia Reynolds
431,Mobile Developer,Clarissa_Oliver352@bauros.biz,Clarissa Oliver
432,Fabricator,Anthony_Warden9573@famism.biz,Anthony Warden
433,IT Support Staff,Vivian_Skinner6347@famism.biz,Vivian Skinner
434,Operator,Danny_Redfern7993@dionrab.com,Danny Redfern
435,Mobile Developer,Sylvia_Vollans3448@deons.tech,Sylvia Vollans
436,Executive Director,Joseph_Tennant6437@ovock.tech,Joseph Tennant
437,Treasurer,Adina_Hudson1044@fuliss.net,Adina Hudson
438,Global Logistics Supervisor,Melinda_Mullins438@bretoux.com,Melinda Mullins
439,Assistant Buyer,Mike_Hamilton2340@liret.org,Mike Hamilton
440,Laboratory Technician,Angelina_Riley1624@corti.com,Angelina Riley
441,IT Support Staff,Hailey_Rowe6356@jiman.org,Hailey Rowe
442,Auditor,Logan_Stevens9863@hourpy.biz,Logan Stevens
443,Electrician,Matthew_Weldon9425@dionrab.com,Matthew Weldon
444,Design Engineer,Michelle_Hewitt3125@muall.tech,Michelle Hewitt
445,Systems Administrator,Victoria_Summers569@womeona.net,Victoria Summers
446,Cook,Martin_Fall8754@muall.tech,Martin Fall
447,Staffing Consultant,Margot_Durrant9242@twace.org,Margot Durrant
448,Paramedic,Winnie_Miller9009@gompie.com,Winnie Miller
449,Physician,Shay_Button1854@hourpy.biz,Shay Button
450,Cashier,Tony_Burge5388@qater.org,Tony Burge
451,Insurance Broker,Denis_Cattell4875@kideod.biz,Denis Cattell
452,Healthcare Specialist,Hailey_Coleman4876@kideod.biz,Hailey Coleman
453,Front Desk Coordinator,Luke_Avery5641@kideod.biz,Luke Avery
454,Baker,Josh_Eyres545@mafthy.com,Josh Eyres
455,Cook,Nate_Tindall1549@grannar.com,Nate Tindall
456,Pharmacist,Davina_Vangness3932@nanoff.biz,Davina Vangness
457,Retail Trainee,Lara_Page 7553@vetan.org,Lara Page 
458,Ambulatory Nurse,Aleksandra_Roscoe7159@hourpy.biz,Aleksandra Roscoe
459,Biologist,Joseph_Mooney2208@nanoff.biz,Joseph Mooney
460,Banker,Danny_Dunbar9464@infotech44.tech,Danny Dunbar
461,Baker,Sage_Tennant5790@elnee.tech,Sage Tennant
462,Machine Operator,Doug_Ebden714@acrit.org,Doug Ebden
463,Electrician,Rose_Dunbar1077@nickia.com,Rose Dunbar
464,Production Painter,Gladys_Addison4097@womeona.net,Gladys Addison
465,Treasurer,Denis_Neville2794@kideod.biz,Denis Neville
466,Bellman,Leroy_Gordon1479@gmail.com,Leroy Gordon
467,Mobile Developer,Harriet_Mcneill2477@extex.org,Harriet Mcneill
468,Restaurant Manager,George_James6444@grannar.com,George James
469,Assistant Buyer,Susan_Murray6660@ubusive.com,Susan Murray
470,Lecturer,Doug_Shaw4243@sheye.org,Doug Shaw
471,Executive Director,Jack_Rogers7869@famism.biz,Jack Rogers
472,Call Center Representative,Marjorie_Willson7705@gompie.com,Marjorie Willson
473,Project Manager,Chadwick_May6526@eirey.tech,Chadwick May
474,Health Educator,Javier_Cattell2345@gompie.com,Javier Cattell
475,Chef Manager,Summer_Dixon2504@grannar.com,Summer Dixon
476,HR Coordinator,Carissa_Farmer9810@grannar.com,Carissa Farmer
477,Front Desk Coordinator,Paige_King2939@fuliss.net,Paige King
478,Accountant,Eduardo_Hale1749@iatim.tech,Eduardo Hale
479,Front Desk Coordinator,Tom_Sherwood6139@fuliss.net,Tom Sherwood
480,Cash Manager,Sadie_Reid8957@gmail.com,Sadie Reid
481,Designer,Nathan_Exton8225@zorer.org,Nathan Exton
482,Stockbroker,Tyler_Shaw2472@bretoux.com,Tyler Shaw
483,Physician,Carl_Silva2637@bulaffy.com,Carl Silva
484,Design Engineer,Leroy_Benfield9553@guentu.biz,Leroy Benfield
485,Executive Director,Josephine_Terry4429@nimogy.biz,Josephine Terry
486,Executive Director,Alice_Benson8263@sveldo.biz,Alice Benson
487,Pharmacist,Camila_Russell8232@acrit.org,Camila Russell
488,Restaurant Manager,Cecilia_Lakey8338@atink.com,Cecilia Lakey
489,Audiologist,Gabriel_Simpson2228@grannar.com,Gabriel Simpson
490,Banker,Barry_Ingham3557@twace.org,Barry Ingham
491,Design Engineer,Jacob_Wheeler7217@grannar.com,Jacob Wheeler
492,Paramedic,Owen_Walsh5459@gembat.biz,Owen Walsh
493,Clerk,Amelia_Warren1566@naiker.biz,Amelia Warren
494,CNC Operator,Violet_Johnson2194@fuliss.net,Violet Johnson
495,Mobile Developer,Peter_Holmes9016@zorer.org,Peter Holmes
496,Laboratory Technician,Danny_Gray4741@corti.com,Danny Gray
497,Retail Trainee,Marissa_Robinson7949@infotech44.tech,Marissa Robinson
498,HR Coordinator,Jackeline_Calderwood1301@muall.tech,Jackeline Calderwood
499,Retail Trainee,Kurt_Tate7217@supunk.biz,Kurt Tate
500,Audiologist,Percy_Shepherd6939@nanoff.biz,Percy Shepherd
501,Banker,Doug_Whitmore1008@elnee.tech,Doug Whitmore
502,Project Manager,Penelope_Quinnell9186@ovock.tech,Penelope Quinnell
503,Retail Trainee,Ethan_Rowan6475@ubusive.com,Ethan Rowan
504,Operator,Lillian_Sloan8827@nimogy.biz,Lillian Sloan
505,Physician,Domenic_Phillips1115@yahoo.com,Domenic Phillips
506,Production Painter,Clint_Torres4787@qater.org,Clint Torres
507,Machine Operator,Bryce_Farrell3225@deons.tech,Bryce Farrell
508,Food Technologist,Darlene_Hunt565@cispeto.com,Darlene Hunt
509,Front Desk Coordinator,Kurt_Slater2508@qater.org,Kurt Slater
510,Investment  Advisor,Tyler_Morrow6860@iatim.tech,Tyler Morrow
511,Designer,Jolene_Webster6702@bretoux.com,Jolene Webster
512,Business Broker,Boris_Talbot9054@bungar.biz,Boris Talbot
513,Software Engineer,Caleb_Middleton2904@guentu.biz,Caleb Middleton
514,Associate Professor,Havana_Underhill1150@bauros.biz,Havana Underhill
515,Clerk,Freya_Bristow4933@liret.org,Freya Bristow
516,Assistant Buyer,William_Mcnally4303@atink.com,William Mcnally
517,IT Support Staff,Mara_Willis4253@ovock.tech,Mara Willis
518,HR Coordinator,Russel_Rose2431@mafthy.com,Russel Rose
519,Audiologist,Doug_Lynch8824@kideod.biz,Doug Lynch
520,Fabricator,Gina_Poulton8428@deons.tech,Gina Poulton
521,Insurance Broker,Rose_Nelson5184@tonsy.org,Rose Nelson
522,Baker,Wade_Franks1745@hourpy.biz,Wade Franks
523,Health Educator,Erick_John1238@liret.org,Erick John
524,Front Desk Coordinator,Jennifer_Stewart3490@famism.biz,Jennifer Stewart
525,Call Center Representative,Alexander_Roman9693@twipet.com,Alexander Roman
526,CNC Operator,Rick_Brooks311@nickia.com,Rick Brooks
527,Investment  Advisor,Sabina_Pope9935@zorer.org,Sabina Pope
528,Banker,Brad_Allen5783@irrepsy.com,Brad Allen
529,Machine Operator,Matt_Waterhouse8864@corti.com,Matt Waterhouse
530,Web Developer,Lorraine_Nash2500@zorer.org,Lorraine Nash
531,Cash Manager,Phoebe_Wilson2974@gembat.biz,Phoebe Wilson
532,Front Desk Coordinator,Nathan_Vass1373@zorer.org,Nathan Vass
533,Bellman,Chadwick_Gaynor3965@joiniaa.com,Chadwick Gaynor
534,Laboratory Technician,Ally_Becker9435@eirey.tech,Ally Becker
535,Associate Professor,Bernadette_Owens4752@qater.org,Bernadette Owens
536,Bookkeeper,Ronald_Knight9089@nimogy.biz,Ronald Knight
537,Chef Manager,Catherine_Wren9253@liret.org,Catherine Wren
538,Webmaster,Logan_Jordan9716@qater.org,Logan Jordan
539,Healthcare Specialist,Kurt_Noach7596@twace.org,Kurt Noach
540,Food Technologist,Sarah_Morris6622@famism.biz,Sarah Morris
541,Dentist,Bree_Oswald8658@acrit.org,Bree Oswald
542,Baker,Carl_Appleton137@infotech44.tech,Carl Appleton
543,Global Logistics Supervisor,Crystal_Thomson2769@elnee.tech,Crystal Thomson
544,Laboratory Technician,John_Plant120@tonsy.org,John Plant
545,Healthcare Specialist,Agnes_Eyres6816@bulaffy.com,Agnes Eyres
546,Cash Manager,Abdul_Evans9403@qater.org,Abdul Evans
547,Mobile Developer,Owen_Snow2833@vetan.org,Owen Snow
548,IT Support Staff,Rosemary_Gordon2382@yahoo.com,Rosemary Gordon
549,CNC Operator,Winnie_Daniells5015@womeona.net,Winnie Daniells
550,HR Coordinator,Gina_Wright4882@mafthy.com,Gina Wright
551,CNC Operator,Isla_Goldsmith3153@deavo.com,Isla Goldsmith
552,Restaurant Manager,Eve_Stewart4935@brety.org,Eve Stewart
553,Chef Manager,Felicity_Burnley4925@grannar.com,Felicity Burnley
554,Doctor,William_Robe9628@deavo.com,William Robe
555,Audiologist,Kurt_Farrant8250@famism.biz,Kurt Farrant
556,Software Engineer,Tyler_Hardwick8939@bretoux.com,Tyler Hardwick
557,Cook,Elena_West6294@dionrab.com,Elena West
558,Clerk,Peter_Parker1227@dionrab.com,Peter Parker
559,Steward,Christine_Moreno7529@jiman.org,Christine Moreno
560,Design Engineer,Matt_Cassidy31@guentu.biz,Matt Cassidy
561,Inspector,Bryon_Davies5665@hourpy.biz,Bryon Davies
562,Global Logistics Supervisor,Bob_Khan7603@infotech44.tech,Bob Khan
563,Baker,Willow_Wilkinson7741@supunk.biz,Willow Wilkinson
564,Retail Trainee,Janice_Maxwell5411@brety.org,Janice Maxwell
565,Healthcare Specialist,Marina_Wise4875@grannar.com,Marina Wise
566,Banker,Caleb_Newton6271@nickia.com,Caleb Newton
567,Physician,Julia_Turner3164@gmail.com,Julia Turner
568,Restaurant Manager,Noemi_Carter966@gmail.com,Noemi Carter
569,Production Painter,Benny_Scott7421@naiker.biz,Benny Scott
570,Web Developer,Faith_Cadman929@twipet.com,Faith Cadman
571,Paramedic,Harmony_Clark2578@hourpy.biz,Harmony Clark
572,Restaurant Manager,Sydney_Kelly2195@twipet.com,Sydney Kelly
573,Lecturer,Emmanuelle_Morris1894@supunk.biz,Emmanuelle Morris
574,Doctor,Natalie_Andersson1283@guentu.biz,Natalie Andersson
575,Software Engineer,Hadley_Baldwin6900@elnee.tech,Hadley Baldwin
576,Laboratory Technician,Nathan_Notman7282@kideod.biz,Nathan Notman
577,Budget Analyst,Cedrick_Lomax38@ovock.tech,Cedrick Lomax
578,Global Logistics Supervisor,Nina_Pope2272@atink.com,Nina Pope
579,Call Center Representative,Ronald_London2190@zorer.org,Ronald London
580,Baker,Matthew_Gray9834@mafthy.com,Matthew Gray
581,Executive Director,Nick_Hamilton6858@deons.tech,Nick Hamilton
582,Executive Director,Jane_Thomas8112@iatim.tech,Jane Thomas
583,Paramedic,Sharon_Graves9197@supunk.biz,Sharon Graves
584,Machine Operator,Jack_Nurton8508@famism.biz,Jack Nurton
585,Retail Trainee,Noah_Allen6018@acrit.org,Noah Allen
586,Global Logistics Supervisor,Keira_Lewis8871@bretoux.com,Keira Lewis
587,Cash Manager,Tyler_Cattell3560@grannar.com,Tyler Cattell
588,Audiologist,Belinda_Ashley5341@acrit.org,Belinda Ashley
589,Paramedic,Nick_Murray8711@eirey.tech,Nick Murray
590,Lecturer,Denis_Andrews9032@irrepsy.com,Denis Andrews
591,Health Educator,Roger_Allen7586@dionrab.com,Roger Allen
592,Retail Trainee,Ramon_Vincent7530@iatim.tech,Ramon Vincent
593,Retail Trainee,Paige_Underhill7443@joiniaa.com,Paige Underhill
594,Project Manager,Ron_Fox8483@brety.org,Ron Fox
595,Design Engineer,Liam_Quinn1339@bretoux.com,Liam Quinn
596,Dentist,Jasmine_Morgan1113@ovock.tech,Jasmine Morgan
597,Systems Administrator,Ron_Stewart3130@ubusive.com,Ron Stewart
598,Insurance Broker,Kendra_Whatson179@nickia.com,Kendra Whatson
599,Healthcare Specialist,Denis_Overson1833@qater.org,Denis Overson
600,Production Painter,Scarlett_Gilmore6232@joiniaa.com,Scarlett Gilmore
601,Global Logistics Supervisor,Gil_Stevens4313@nickia.com,Gil Stevens
602,Insurance Broker,Charlotte_Simmons4307@ovock.tech,Charlotte Simmons
603,IT Support Staff,Boris_Isaac2136@deons.tech,Boris Isaac
604,Pharmacist,Johnny_Mullins4359@zorer.org,Johnny Mullins
605,Project Manager,Jackeline_Buckley7820@corti.com,Jackeline Buckley
606,Business Broker,Javier_Page 5803@gompie.com,Javier Page 
607,Software Engineer,Johnny_Long6009@eirey.tech,Johnny Long
608,IT Support Staff,Denis_Doherty6813@brety.org,Denis Doherty
609,IT Support Staff,Lucas_Partridge7455@gompie.com,Lucas Partridge
610,CNC Operator,Dani_Goldsmith2299@supunk.biz,Dani Goldsmith
611,Assistant Buyer,Chuck_Fenton129@ubusive.com,Chuck Fenton
612,Staffing Consultant,Kirsten_Yard791@grannar.com,Kirsten Yard
613,Designer,Russel_Mcguire6498@infotech44.tech,Russel Mcguire
614,Clerk,Chadwick_Eastwood4103@ubusive.com,Chadwick Eastwood
615,Banker,Summer_Mason1646@vetan.org,Summer Mason
616,Pharmacist,Jack_Tait6505@bulaffy.com,Jack Tait
617,Inspector,Russel_Addison861@tonsy.org,Russel Addison
618,Inspector,Paige_Tanner7026@gompie.com,Paige Tanner
619,Bellman,Jaylene_Yoman1829@muall.tech,Jaylene Yoman
620,Biologist,Adela_Turner5036@dionrab.com,Adela Turner
621,Retail Trainee,Nicholas_Hale9037@fuliss.net,Nicholas Hale
622,Treasurer,Cassidy_Cameron7838@nimogy.biz,Cassidy Cameron
623,Webmaster,Rowan_Eastwood3289@kideod.biz,Rowan Eastwood
624,Associate Professor,Megan_Dubois4721@twace.org,Megan Dubois
625,Loan Officer,Bree_Fowler9245@yahoo.com,Bree Fowler
626,Call Center Representative,Sadie_Knott5532@guentu.biz,Sadie Knott
627,Clerk,Alison_Gilmore7388@guentu.biz,Alison Gilmore
628,Clerk,Sebastian_Noon8173@nickia.com,Sebastian Noon
629,Service Supervisor,Mark_Walton6887@eirey.tech,Mark Walton
630,Designer,Jules_Butler9768@extex.org,Jules Butler
631,Accountant,Cedrick_Whitehouse9392@atink.com,Cedrick Whitehouse
632,Fabricator,Anthony_Cadman2917@bauros.biz,Anthony Cadman
633,Production Painter,Emely_Stewart7227@bulaffy.com,Emely Stewart
634,Software Engineer,Aeris_Patel6154@dionrab.com,Aeris Patel
635,Bookkeeper,Adalie_Watson5469@gmail.com,Adalie Watson
636,Executive Director,Harry_Webster2139@joiniaa.com,Harry Webster
637,Clerk,Mary_Dowson4118@nickia.com,Mary Dowson
638,Budget Analyst,George_Summers4433@deons.tech,George Summers
639,Physician,Julianna_Ingram2907@bretoux.com,Julianna Ingram
640,Banker,Anne_Allwood7508@nanoff.biz,Anne Allwood
641,Bellman,Harry_Morgan4624@mafthy.com,Harry Morgan
642,Accountant,Nathan_Steer3580@atink.com,Nathan Steer
643,Systems Administrator,Elisabeth_Shields4750@famism.biz,Elisabeth Shields
644,Retail Trainee,Dalia_Carson4484@dionrab.com,Dalia Carson
645,Cashier,Lorraine_Attwood2015@jiman.org,Lorraine Attwood
646,Designer,Rocco_Farrell8913@supunk.biz,Rocco Farrell
647,Fabricator,Barney_Adams3675@twace.org,Barney Adams
648,Software Engineer,Britney_Holt5556@corti.com,Britney Holt
649,Audiologist,Rosalyn_Greenwood3027@grannar.com,Rosalyn Greenwood
650,Design Engineer,Keira_Walsh6629@atink.com,Keira Walsh

