ID,Job Title,Email Address,FirstName LastName,Business,Education,Locations,Person Info,Entertainment
1,Project Manager,Alan_Bennett2789@extex.org,Alan Bennett,It Smart Group,"The University of Tennessee, Knoxville","Korea, South",Alan,485-88-61370-16-7
2,Baker,Russel_Bell1157@mafthy.com,Russel Bell,Biolife Grup,"The University of Tennessee, Knoxville",Italy,Russel,754-45-28708-26-3
3,Investment  Advisor,Owen_Harvey4710@infotech44.tech,Owen Harvey,Telekom,The University of Arizona,Italy,Owen,710-27-54744-12-0
4,Chef Manager,Denny_Hamilton8412@elnee.tech,Denny Hamilton,Comodo,North Carolina State University,Honduras,Denny,313-51-12153-35-7
5,Cook,Chadwick_Lynn4103@bretoux.com,Chadwick Lynn,Team Guard SRL,"University of California, Santa Cruz",Kenya,Chadwick,406-21-43117-15-7
6,Treasurer,Fiona_Knott3863@vetan.org,Fiona Knott,Metro Cash&Carry,University of Iowa,Japan,Fiona,841-17-63067-75-5
7,Inspector,Josh_Waterson7726@deavo.com,Josh Waterson,AECOM,The Ohio State University,Chad,Josh,314-54-10858-87-1
8,Business Broker,Barney_Jackson7370@deavo.com,Barney Jackson,Team Guard SRL,"The University of Tennessee, Knoxville",Burundi,Barney,622-42-44762-43-0
9,Software Engineer,Ethan_Herbert2349@extex.org,Ethan Herbert,ExxonMobil,George Washington University,Thailand,Ethan,571-66-70870-40-4
10,Baker,Aeris_Simpson5335@kideod.biz,Aeris Simpson,Mars,Vanderbilt University,Philippines,Aeris,271-13-45412-07-6
11,Healthcare Specialist,Gemma_Thompson6571@brety.org,Gemma Thompson,Mars,Michigan State University,Spain,Gemma,884-47-03424-68-4
12,Mobile Developer,Evelynn_Evans6130@acrit.org,Evelynn Evans,Erickson,University of Iowa,Iceland,Evelynn,854-87-37704-17-8
13,Budget Analyst,Tom_Stewart5869@twace.org,Tom Stewart,Zepter,University of Minnesota,Uruguay,Tom,178-80-02131-56-0
14,HR Specialist,Daniel_Driscoll9954@muall.tech,Daniel Driscoll,AECOM,Massachusets Institute of Technology,Saint Kitts and Nevis,Daniel,763-20-48611-13-4
15,Banker,Noah_Quinn7400@womeona.net,Noah Quinn,Amazon.com,The New School,Monaco,Noah,111-58-63104-18-8
16,Mobile Developer,Winnie_Howard8170@tonsy.org,Winnie Howard,Telekom,University of Minnesota,Netherlands,Winnie,553-28-26885-17-5
17,Steward,Marissa_Malone1558@gmail.com,Marissa Malone,Comodo,"University of Maryland, College Park",Hungary,Marissa,256-63-56663-85-5
18,Investment  Advisor,Harry_Graham1181@irrepsy.com,Harry Graham,It Smart Group,Howard University,Chad,Harry,716-35-42028-48-3
19,Call Center Representative,Alessandra_Kelly753@atink.com,Alessandra Kelly,Global Print,The University of Arizona,Uzbekistan,Alessandra,885-41-83258-16-7
20,Bellman,Kieth_Jobson2331@elnee.tech,Kieth Jobson,Facebook,University of Rochester,Bahrain,Kieth,151-48-41381-60-2
21,Global Logistics Supervisor,Barney_Jones3671@nickia.com,Barney Jones,Coca-Cola Company,"University of California, Santa Barbara (UCSB)",Senegal,Barney,660-02-80871-58-6
22,Ambulatory Nurse,Julian_Asher8196@dionrab.com,Julian Asher,Team Guard SRL,Indiana University Bloomington,Norway,Julian,862-22-77001-55-8
23,Audiologist,Juliet_Rothwell2561@twipet.com,Juliet Rothwell,Carrefour,Arizona State University,Iran,Juliet,438-66-53781-56-7
24,Treasurer,Melania_Spencer2119@famism.biz,Melania Spencer,DynCorp,Wake Forest University,Tonga,Melania,210-02-14787-63-2
25,Cashier,Clint_Shaw2338@nickia.com,Clint Shaw,It Smart Group,University of Florida,Vanuatu,Clint,815-10-35004-30-0
26,Software Engineer,Julius_Janes2748@ubusive.com,Julius Janes,It Smart Group,Harvard University,Mozambique,Julius,030-75-10710-27-1
27,Audiologist,Britney_Rivers1636@gembat.biz,Britney Rivers,DynCorp,The University of Georgia,Saint Vincent and the Grenadines,Britney,017-47-47378-11-1
28,Fabricator,Chester_Thompson4285@famism.biz,Chester Thompson,Vodafone,"University of California, Santa Cruz",Ecuador,Chester,625-62-21184-08-2
29,Pharmacist,Marvin_Smith5326@bungar.biz,Marvin Smith,Mars,Boston University,United Kingdom,Marvin,507-28-83765-66-4
30,Service Supervisor,Carl_Wilson6558@tonsy.org,Carl Wilson,Telekom,"University of Maryland, College Park",Nauru,Carl,128-30-51425-13-6
31,Inspector,Matt_Nayler2707@brety.org,Matt Nayler,It Smart Group,Carnegie Mellon University,New Zealand,Matt,142-42-12255-27-8
32,Healthcare Specialist,Phillip_Gordon8532@muall.tech,Phillip Gordon,21st Century Fox,Cornell University,Turkmenistan,Phillip,507-21-23888-06-0
33,Bellman,Carrie_Bolton9635@eirey.tech,Carrie Bolton,Coca-Cola Company,Purdue University,Madagascar,Carrie,175-36-53744-10-8
34,Assistant Buyer,Liv_Mitchell145@qater.org,Liv Mitchell,Telekom,Pennsylvania State University,Burundi,Liv,714-75-24682-00-7
35,Production Painter,Abdul_Kent8270@irrepsy.com,Abdul Kent,Coca-Cola Company,Colorado State University,South Africa,Abdul,404-67-28213-77-0
36,Banker,Manuel_Wilkinson1841@ubusive.com,Manuel Wilkinson,DynCorp,"Stony Brook University, State University of New York",Cambodia,Manuel,083-63-24015-82-5
37,Audiologist,Candace_Wood2558@brety.org,Candace Wood,Mars,Wayne State University,Afghanistan,Candace,108-17-67265-16-0
38,Ambulatory Nurse,Sofie_Cartwright7421@bauros.biz,Sofie Cartwright,Danone,Georgetown University,Morocco,Sofie,767-43-07006-63-7
39,Global Logistics Supervisor,Analise_Wood8241@nanoff.biz,Analise Wood,BuzzFeed,University of Colorado Boulder,Yemen,Analise,083-84-23808-38-1
40,Baker,Darlene_Edler7792@cispeto.com,Darlene Edler,Biolife Grup,University of Michigan,Russia,Darlene,856-03-63883-24-6
41,Fabricator,Rufus_Myatt5142@brety.org,Rufus Myatt,Carrefour,Pennsylvania State University,Sierra Leone,Rufus,070-47-05333-75-0
42,Designer,Jacob_Addis6690@muall.tech,Jacob Addis,Danone,Brandeis University,Monaco,Jacob,664-51-61873-71-4
43,HR Specialist,Liam_Walton2307@acrit.org,Liam Walton,Demaco,North Carolina State University,Ethiopia,Liam,606-32-25045-61-1
44,HR Specialist,Sasha_Alcroft8227@gembat.biz,Sasha Alcroft,Comcast,"University of California, Berkeley (UCB)",Slovenia,Sasha,782-23-87363-87-0
45,Operator,Abdul_Mcleod9273@acrit.org,Abdul Mcleod,DynCorp,Rice University,Oman,Abdul,336-57-52435-32-1
46,Restaurant Manager,Marie_Ballard6553@liret.org,Marie Ballard,Comodo,"University of Illinois, Chicago (UIC)",Ecuador,Marie,132-43-13206-35-5
47,Call Center Representative,Julian_Rodwell2534@atink.com,Julian Rodwell,Vodafone,"University of Maryland, College Park",Argentina,Julian,472-05-30658-30-1
48,Cashier,Aisha_Hepburn660@twace.org,Aisha Hepburn,Carrefour,University of Utah,Portugal,Aisha,752-23-14885-28-8
49,Cash Manager,Domenic_Bradley9726@liret.org,Domenic Bradley,Erickson,University of Southern California,Spain,Domenic,145-33-70008-56-8
50,Insurance Broker,Jayden_Cox9106@nanoff.biz,Jayden Cox,Biolife Grup,Georgia Institute of Technology,Côte d’Ivoire,Jayden,623-60-64172-53-3
51,Executive Director,Payton_Kennedy7373@zorer.org,Payton Kennedy,DynCorp,Oregon State University,United Kingdom,Payton,215-55-28214-43-7
52,CNC Operator,Goldie_Matthews3474@vetan.org,Goldie Matthews,Areon Impex,University of Oklahoma,Vatican City,Goldie,152-05-01362-33-8
53,Designer,Jacob_Harrington1608@liret.org,Jacob Harrington,AECOM,University of Chicago,Saint Vincent and the Grenadines,Jacob,888-20-08414-18-0
54,Baker,Cameron_Thompson8796@atink.com,Cameron Thompson,Mars,University of Virginia,Australia,Cameron,033-74-32465-10-6
55,Steward,Sasha_Robe674@kideod.biz,Sasha Robe,Vodafone,North Carolina State University,Libya,Sasha,201-18-43333-36-8
56,Banker,Harmony_Wellington5831@twipet.com,Harmony Wellington,Mars,Virginia Polytechnic Institute and State University,Senegal,Harmony,682-04-47024-12-0
57,Clerk,Rosemary_Warner7128@fuliss.net,Rosemary Warner,Apple Inc.,Tufts University,Estonia,Rosemary,503-42-63782-86-3
58,Auditor,Marina_Chester9729@irrepsy.com,Marina Chester,Global Print,"University of California, San Diego (UCSD)",Monaco,Marina,454-56-31564-27-3
59,Assistant Buyer,Gabriel_Owens1377@nickia.com,Gabriel Owens,Metro Cash&Carry,Washington University in St. Louis,Indonesia,Gabriel,238-33-46078-65-4
60,CNC Operator,Boris_Hewitt335@nickia.com,Boris Hewitt,Apple Inc.,"University of Colorado, Denver",Cyprus,Boris,347-51-87355-35-3
61,Lecturer,Jaylene_Chadwick7088@zorer.org,Jaylene Chadwick,Zepter,Brown University,Bhutan,Jaylene,166-80-30561-36-8
62,Mobile Developer,Julian_Wright7360@tonsy.org,Julian Wright,AECOM,Tulane University,Djibouti,Julian,283-71-60847-80-3
63,HR Coordinator,Alan_Santos4418@jiman.org,Alan Santos,CarMax,Indiana University Bloomington,Cabo Verde,Alan,151-07-23140-00-4
64,Biologist,Barry_Porter3320@iatim.tech,Barry Porter,ExxonMobil,Princeton University,Dominica,Barry,781-47-07623-10-7
65,Executive Director,Gil_Wilkinson7184@womeona.net,Gil Wilkinson,Apple Inc.,Harvard University,Kenya,Gil,825-05-61831-34-6
66,HR Coordinator,Jaylene_Thomas3942@ubusive.com,Jaylene Thomas,Mars,"University of Illinois, Chicago (UIC)",Equatorial Guinea,Jaylene,738-74-13823-30-8
67,HR Coordinator,Boris_Richards1115@gompie.com,Boris Richards,Erickson,Florida State University,Sri Lanka,Boris,520-41-52104-02-3
68,Laboratory Technician,Jenna_Mcnally9849@gompie.com,Jenna Mcnally,UPC,New York University,Vietnam,Jenna,161-83-68114-67-6
69,Paramedic,Sabrina_Jacobs7358@iatim.tech,Sabrina Jacobs,Danone,"University of California, Santa Cruz",Togo,Sabrina,064-65-68564-15-1
70,Cashier,Hank_Jennson5473@nanoff.biz,Hank Jennson,DynCorp,Tulane University,Iran,Hank,553-47-18777-52-6
71,Cook,Julius_Uttley2641@jiman.org,Julius Uttley,Demaco,University of Virginia,Italy,Julius,614-56-74085-44-1
72,Design Engineer,Javier_Hobson8083@vetan.org,Javier Hobson,Areon Impex,Pennsylvania State University,Vatican City,Javier,075-75-44846-72-7
73,Auditor,John_Sanchez1479@bretoux.com,John Sanchez,Mars,The University of Arizona,India,John,713-53-83487-43-0
74,Banker,Vicky_Mcnally9979@muall.tech,Vicky Mcnally,Coca-Cola Company,Georgia Institute of Technology,Nepal,Vicky,670-02-53458-48-0
75,Physician,Andie_Varndell5125@corti.com,Andie Varndell,Carrefour,Princeton University,Sri Lanka,Andie,741-13-48207-88-4
76,Budget Analyst,Emery_Burnley8366@dionrab.com,Emery Burnley,AECOM,University of Oklahoma,Panama,Emery,716-43-17148-06-0
77,Paramedic,Gil_Rees8625@corti.com,Gil Rees,Apple Inc.,Lehigh University,Lebanon,Gil,800-84-77502-81-5
78,Webmaster,Violet_Rogan8539@irrepsy.com,Violet Rogan,Areon Impex,University of New Mexico,Vietnam,Violet,874-83-55107-71-1
79,IT Support Staff,Nick_Davies9639@twipet.com,Nick Davies,Boeing,"University of California, Davis",Namibia,Nick,778-74-36577-38-0
80,IT Support Staff,Camila_Kaur2275@dionrab.com,Camila Kaur,DynCorp,Boston University,Georgia,Camila,337-73-51464-00-0
81,Food Technologist,Harry_Wren2156@kideod.biz,Harry Wren,Comcast,Washington State University,Paraguay,Harry,714-20-14071-56-4
82,CNC Operator,Johnathan_Williams945@elnee.tech,Johnathan Williams,Apple Inc.,Boston University,Austria,Johnathan,781-74-71737-14-4
83,Cashier,Chester_Matthews464@infotech44.tech,Chester Matthews,Biolife Grup,Emory University,Mauritania,Chester,421-35-32385-68-3
84,Project Manager,Ethan_Lewin6915@guentu.biz,Ethan Lewin,Areon Impex,Rutgers University - New Brunswick,Côte d’Ivoire,Ethan,400-23-74335-28-4
85,Assistant Buyer,David_Ventura8013@vetan.org,David Ventura,CarMax,University of Iowa,Chad,David,642-60-43266-16-6
86,Cash Manager,Jayden_Powell4175@bulaffy.com,Jayden Powell,Demaco,The Ohio State University,Georgia,Jayden,630-14-44027-88-2
87,Bellman,Martin_Clifton9890@extex.org,Martin Clifton,Carrefour,University of Notre Dame,Eritrea,Martin,770-57-87102-26-6
88,Electrician,Eduardo_Roberts8378@typill.biz,Eduardo Roberts,Biolife Grup,Dartmouth College,Jamaica,Eduardo,677-62-36851-12-5
89,Pharmacist,Felicity_Alexander5344@twipet.com,Felicity Alexander,It Smart Group,University of Washington,Barbados,Felicity,557-08-78122-14-1
90,Systems Administrator,Maddison_Wilde4664@corti.com,Maddison Wilde,It Smart Group,University of Massachusetts Amherst,Canada,Maddison,443-37-10222-58-1
91,HR Coordinator,Ethan_Richards9135@bungar.biz,Ethan Richards,Metro Cash&Carry,Iowa State University,Austria,Ethan,100-60-57755-04-0
92,Global Logistics Supervisor,Maya_Waterson8427@dionrab.com,Maya Waterson,CarMax,Rice University,Cambodia,Maya,811-41-40522-25-3
93,Accountant,Marvin_Wright4397@joiniaa.com,Marvin Wright,AECOM,Brown University,USA,Marvin,851-53-70038-82-1
94,Webmaster,Shannon_Brown3822@brety.org,Shannon Brown,Comodo,University of Wisconsin-Madison,Malaysia,Shannon,148-31-66554-28-1
95,Baker,Goldie_Richardson2312@gompie.com,Goldie Richardson,It Smart Group,New York University,Serbia,Goldie,611-35-58074-51-4
96,Call Center Representative,Angela_Weston2398@acrit.org,Angela Weston,Mars,Rensselaer Polytechnic University,Taiwan,Angela,827-80-72441-76-7
97,Healthcare Specialist,Alexander_Owens1211@iatim.tech,Alexander Owens,AECOM,Pennsylvania State University,Uzbekistan,Alexander,281-68-05371-02-1
98,Mobile Developer,Kamila_Flanders1758@deavo.com,Kamila Flanders,Global Print,The New School,Kyrgyzstan,Kamila,368-76-70207-72-8
99,Stockbroker,Tyson_Calderwood2760@bungar.biz,Tyson Calderwood,It Smart Group,"University of California, Riverside",Poland,Tyson,645-32-35473-57-5
100,Insurance Broker,Marvin_Pratt7600@liret.org,Marvin Pratt,Leadertech Consulting,Georgia Institute of Technology,Colombia,Marvin,488-57-03338-05-8
101,Doctor,Freya_Kent6657@vetan.org,Freya Kent,Telekom,University of Colorado Boulder,Liechtenstein,Freya,512-35-68187-54-0
102,Audiologist,Martin_Stark5397@sveldo.biz,Martin Stark,Metro Cash&Carry,Georgia Institute of Technology,Nauru,Martin,784-38-82583-20-2
103,Front Desk Coordinator,Peter_Gordon6748@corti.com,Peter Gordon,Team Guard SRL,Illinois Institute of Technology,Antigua and Barbuda,Peter,842-48-70045-37-3
104,Banker,Brad_Riley9653@bungar.biz,Brad Riley,Apple Inc.,University of Notre Dame,Montenegro,Brad,203-62-01387-65-8
105,Business Broker,Lillian_Cox3529@irrepsy.com,Lillian Cox,BuzzFeed,The University of Arizona,Lebanon,Lillian,633-84-18425-26-2
106,Steward,Peyton_Fenton9931@ovock.tech,Peyton Fenton,Danone,Pennsylvania State University,Solomon Islands,Peyton,173-81-38570-35-2
107,Front Desk Coordinator,Nicholas_Rosenbloom9757@cispeto.com,Nicholas Rosenbloom,Comcast,University of Pennsylvania,Macedonia,Nicholas,316-72-76486-82-2
108,Cook,Andrea_Roberts5681@vetan.org,Andrea Roberts,Facebook,Texas A&M University,San Marino,Andrea,258-07-23852-80-3
109,Restaurant Manager,Adela_Moore820@typill.biz,Adela Moore,Comcast,"University of California, San Diego (UCSD)",France,Adela,506-77-88877-21-7
110,Auditor,Vanessa_Lunt4700@famism.biz,Vanessa Lunt,Areon Impex,University of Oklahoma,Zambia,Vanessa,211-23-64473-16-0
111,Health Educator,Leilani_Giles4641@extex.org,Leilani Giles,Telekom,Oregon State University,Fiji,Leilani,723-03-71331-48-6
112,Executive Director,Aiden_Summers2768@supunk.biz,Aiden Summers,21st Century Fox,Illinois Institute of Technology,Cambodia,Aiden,810-07-78584-22-3
113,Banker,Taylor_Jackson7590@supunk.biz,Taylor Jackson,AECOM,Georgia Institute of Technology,El Salvador,Taylor,111-83-08622-08-3
114,Loan Officer,Melody_Horton2524@gmail.com,Melody Horton,Mars,University of Florida,India,Melody,641-84-18574-78-0
115,Service Supervisor,Brooklyn_Vaughan9705@muall.tech,Brooklyn Vaughan,21st Century Fox,The Ohio State University,Nicaragua,Brooklyn,234-74-87112-70-4
116,Bookkeeper,Aiden_Zaoui8029@bauros.biz,Aiden Zaoui,Biolife Grup,"University of California, Santa Barbara (UCSB)",Madagascar,Aiden,130-84-06308-76-1
117,Audiologist,Jules_Wright3@qater.org,Jules Wright,Zepter,University of New Mexico,The Bahamas,Jules,084-11-84745-56-2
118,Global Logistics Supervisor,Luna_Murphy7569@supunk.biz,Luna Murphy,Mars,University of Miami,Qatar,Luna,274-00-61675-25-2
119,Chef Manager,Sabina_Rose7734@guentu.biz,Sabina Rose,21st Century Fox,Colorado State University,Morocco,Sabina,043-38-05035-31-6
120,Call Center Representative,Roger_Morris7854@nimogy.biz,Roger Morris,Mars,"University of Illinois, Chicago (UIC)",Nicaragua,Roger,366-50-07578-40-6
121,Assistant Buyer,Carmella_Thorne557@tonsy.org,Carmella Thorne,Facebook,"University of California, Los Angeles (UCLA)","Sudan, South",Carmella,113-66-77056-30-0
122,Call Center Representative,Penny_Nielson4914@gembat.biz,Penny Nielson,Zepter,Carnegie Mellon University,Tonga,Penny,558-53-20541-66-5
123,Associate Professor,Lucas_Keys945@sheye.org,Lucas Keys,Mars,University of Wisconsin-Madison,United Arab Emirates,Lucas,568-00-30645-86-4
124,Machine Operator,Roger_Addley5755@famism.biz,Roger Addley,Amazon.com,University of Chicago,Iraq,Roger,320-00-51088-06-8
125,Assistant Buyer,Daron_Willson6563@gompie.com,Daron Willson,Boeing,Case Western Reserve University,Singapore,Daron,670-46-26163-63-3
126,Bellman,Kieth_Squire4750@grannar.com,Kieth Squire,Comcast,University of South Florida,The Gambia,Kieth,577-43-03332-52-5
127,CNC Operator,Owen_Jefferson8930@joiniaa.com,Owen Jefferson,ExxonMobil,Tufts University,Hungary,Owen,858-02-23022-46-1
128,Call Center Representative,Bristol_Thomas5981@qater.org,Bristol Thomas,Global Print,The New School,Taiwan,Bristol,610-70-55587-78-7
129,Clerk,John_Allwood1059@yahoo.com,John Allwood,21st Century Fox,Brandeis University,Serbia,John,670-68-60788-54-7
130,Pharmacist,Aiden_Ianson7243@womeona.net,Aiden Ianson,Biolife Grup,University of Vermont,Brunei,Aiden,713-35-57627-32-3
131,Assistant Buyer,Sebastian_Wright8577@muall.tech,Sebastian Wright,It Smart Group,Indiana University Bloomington,Ukraine,Sebastian,332-71-27263-00-8
132,Chef Manager,Gemma_Rowlands4151@yahoo.com,Gemma Rowlands,Team Guard SRL,Pennsylvania State University,Ireland,Gemma,043-87-80681-60-7
133,Business Broker,Judith_Villiger4571@qater.org,Judith Villiger,Areon Impex,University of Southern California,Venezuela,Judith,231-77-07206-14-2
134,Audiologist,Ciara_Randall9143@liret.org,Ciara Randall,Comodo,California Institute of Technology (Caltech),East Timor (Timor-Leste),Ciara,280-44-20526-60-2
135,Machine Operator,Tom_Saunders9933@guentu.biz,Tom Saunders,Zepter,Drexel University,Bahrain,Tom,726-23-08860-52-0
136,Treasurer,Chadwick_Collins5629@gembat.biz,Chadwick Collins,AECOM,"University of California, Riverside",Taiwan,Chadwick,724-35-56216-82-1
137,Systems Administrator,Tony_Gordon9531@nickia.com,Tony Gordon,Comcast,University of Minnesota,"Sudan, South",Tony,308-41-73244-53-4
138,Operator,Ramon_Weasley3308@tonsy.org,Ramon Weasley,UPC,Clark University,Mali,Ramon,360-05-46270-41-7
139,Chef Manager,Henry_Yang9656@zorer.org,Henry Yang,Boeing,University of Texas at Austin,Trinidad and Tobago,Henry,662-32-74214-74-6
140,Audiologist,Bart_Ianson8524@mafthy.com,Bart Ianson,Global Print,Case Western Reserve University,Iran,Bart,834-35-37150-68-8
141,Operator,Abbey_Jennson8995@naiker.biz,Abbey Jennson,Leadertech Consulting,The University of Arizona,East Timor (Timor-Leste),Abbey,236-15-36028-71-7
142,HR Coordinator,Liam_Vinton701@kideod.biz,Liam Vinton,CarMax,New York University,Peru,Liam,772-11-05640-68-0
143,Executive Director,Marissa_Matthews4652@irrepsy.com,Marissa Matthews,Demaco,Texas A&M University,Nepal,Marissa,163-82-35607-04-4
144,Stockbroker,Chris_Donovan6957@supunk.biz,Chris Donovan,Leadertech Consulting,"University of California, Riverside",Bolivia,Chris,487-61-72842-80-5
145,Machine Operator,Alan_Potter3050@famism.biz,Alan Potter,ExxonMobil,Brandeis University,Niger,Alan,745-65-22612-34-2
146,Business Broker,Carrie_Johnson7961@joiniaa.com,Carrie Johnson,Carrefour,The Katz School at Yeshiva University,Malaysia,Carrie,442-26-88045-56-0
147,Pharmacist,Russel_Boden290@brety.org,Russel Boden,Zepter,"The University of Tennessee, Knoxville",Belarus,Russel,512-21-11238-31-8
148,Chef Manager,Nate_Payne2650@qater.org,Nate Payne,Danone,University of Virginia,Finland,Nate,743-64-65335-57-7
149,Inspector,Luna_Gibbons7196@bulaffy.com,Luna Gibbons,21st Century Fox,Georgetown University,Ghana,Luna,283-80-74478-08-3
150,Systems Administrator,Freya_Rose4751@nimogy.biz,Freya Rose,CarMax,University at Buffalo SUNY,Brazil,Freya,412-23-83114-40-1
151,Baker,Logan_Weston6950@qater.org,Logan Weston,BuzzFeed,"University of North Carolina, Chapel Hill",Lebanon,Logan,687-16-40352-15-4
152,Call Center Representative,Abdul_Knight5552@dionrab.com,Abdul Knight,Mars,Rutgers University - New Brunswick,Tanzania,Abdul,326-28-17816-87-3
153,Staffing Consultant,Brad_Donovan8984@sveldo.biz,Brad Donovan,Mars,University of Notre Dame,Azerbaijan,Brad,750-18-81270-71-4
154,IT Support Staff,Nick_Sinclair8990@iatim.tech,Nick Sinclair,Demaco,University of Chicago,Comoros,Nick,557-32-23150-62-3
155,Associate Professor,Denis_Butler9262@naiker.biz,Denis Butler,Boeing,University of Kansas,East Timor (Timor-Leste),Denis,826-07-63112-03-0
156,Design Engineer,Maribel_Gosling9785@infotech44.tech,Maribel Gosling,Telekom,"University of California, Santa Cruz",Côte d’Ivoire,Maribel,420-31-66672-55-6
157,Lecturer,John_Goodman5873@naiker.biz,John Goodman,Metro Cash&Carry,Indiana University Bloomington,Yemen,John,100-74-52772-51-7
158,Inspector,Tyson_Buckley7054@corti.com,Tyson Buckley,Metro Cash&Carry,Northwestern University,Sierra Leone,Tyson,636-70-35378-81-1
159,Front Desk Coordinator,Jacob_Shaw1228@supunk.biz,Jacob Shaw,CarMax,Colorado State University,Slovenia,Jacob,046-12-80084-73-2
160,Laboratory Technician,Ron_Stanton9625@liret.org,Ron Stanton,AECOM,Dartmouth College,Kazakhstan,Ron,262-80-14304-32-3
161,Steward,Kimberly_Rust5839@ubusive.com,Kimberly Rust,Mars,The New School,New Zealand,Kimberly,275-62-44368-04-2
162,Service Supervisor,Sarah_Jefferson8891@gompie.com,Sarah Jefferson,Leadertech Consulting,California Institute of Technology (Caltech),Honduras,Sarah,881-85-68515-47-3
163,Cashier,Nicholas_Ward206@qater.org,Nicholas Ward,Biolife Grup,The University of Georgia,Dominican Republic,Nicholas,287-08-66314-80-7
164,Mobile Developer,Mark_Kelly8062@corti.com,Mark Kelly,Carrefour,University of Virginia,Serbia,Mark,846-30-58467-44-6
165,Dentist,Maya_Parker2532@extex.org,Maya Parker,Mars,"University of California, Riverside",USA,Maya,726-57-50016-68-0
166,Front Desk Coordinator,Miriam_Wood755@irrepsy.com,Miriam Wood,Telekom,"University of Illinois, Chicago (UIC)",Canada,Miriam,528-21-30208-88-6
167,Executive Director,Domenic_Samuel3355@kideod.biz,Domenic Samuel,Telekom,University of Massachusetts Amherst,Finland,Domenic,672-61-05826-15-6
168,Electrician,Marjorie_Redden6928@ovock.tech,Marjorie Redden,BuzzFeed,University of South Florida,Niger,Marjorie,806-08-22111-47-4
169,Food Technologist,Clint_Plant9745@iatim.tech,Clint Plant,Team Guard SRL,Pennsylvania State University,Albania,Clint,605-26-28667-18-7
170,Bellman,Chester_Yard3690@muall.tech,Chester Yard,It Smart Group,University at Buffalo SUNY,India,Chester,188-44-84823-16-3
171,Health Educator,Carla_Eaton9653@gembat.biz,Carla Eaton,ENEL,"Stony Brook University, State University of New York","Sudan, South",Carla,643-74-07244-56-8
172,Baker,Vanessa_Riley219@twipet.com,Vanessa Riley,Zepter,"University of California, Irvine",Equatorial Guinea,Vanessa,707-36-47680-53-1
173,Laboratory Technician,Mya_Goodman3927@nanoff.biz,Mya Goodman,Coca-Cola Company,Clark University,Kosovo,Mya,065-62-21116-10-6
174,Food Technologist,Makenzie_Edwards3059@joiniaa.com,Makenzie Edwards,Boeing,Washington University in St. Louis,Rwanda,Makenzie,044-00-05844-72-8
175,Systems Administrator,William_Ianson5388@irrepsy.com,William Ianson,Mars,Washington State University,Austria,William,215-76-30750-05-5
176,Web Developer,Jessica_Pitt1701@gompie.com,Jessica Pitt,21st Century Fox,Wake Forest University,Costa Rica,Jessica,142-72-20737-51-2
177,Front Desk Coordinator,Sonya_Dyson2562@hourpy.biz,Sonya Dyson,Facebook,"University of California, Davis",Libya,Sonya,134-67-82216-66-8
178,Clerk,Juliet_Coleman7712@naiker.biz,Juliet Coleman,Zepter,Case Western Reserve University,Mauritius,Juliet,837-78-87234-53-2
179,Baker,Rosie_Weatcroft1283@grannar.com,Rosie Weatcroft,Carrefour,Brown University,Swaziland,Rosie,454-16-41082-18-3
180,Treasurer,Tyler_Hewitt3615@kideod.biz,Tyler Hewitt,BuzzFeed,George Washington University,Nigeria,Tyler,048-64-42515-50-8
181,Accountant,Boris_Dyson4171@atink.com,Boris Dyson,Comcast,University of Pennsylvania,Myanmar,Boris,234-26-30156-51-5
182,Associate Professor,Angela_Exton6547@brety.org,Angela Exton,21st Century Fox,Purdue University,Costa Rica,Angela,220-46-20067-65-2
183,Designer,Ethan_Dixon9334@mafthy.com,Ethan Dixon,CarMax,University of Hawai,Indonesia,Ethan,376-34-24452-35-0
184,Doctor,Alan_Davies7338@twace.org,Alan Davies,Biolife Grup,Brandeis University,Brazil,Alan,486-67-78750-62-7
185,Stockbroker,Jasmine_Thatcher7513@gompie.com,Jasmine Thatcher,Vodafone,George Washington University,Burundi,Jasmine,254-88-42772-86-2
186,Call Center Representative,Harriet_Reading6542@mafthy.com,Harriet Reading,DynCorp,Emory University,Montenegro,Harriet,862-83-27307-41-6
187,Retail Trainee,Denis_Hobson3995@womeona.net,Denis Hobson,DynCorp,Vanderbilt University,Burundi,Denis,310-06-02853-68-6
188,Software Engineer,Colleen_Lewis183@infotech44.tech,Colleen Lewis,UPC,University of Vermont,Iceland,Colleen,108-55-57127-05-3
189,HR Coordinator,Daron_Moreno8490@deons.tech,Daron Moreno,Danone,Wake Forest University,Saudi Arabia,Daron,473-41-72476-02-0
190,Fabricator,Maxwell_Todd6518@sveldo.biz,Maxwell Todd,ENEL,University of Chicago,Ethiopia,Maxwell,802-41-74131-80-5
191,Restaurant Manager,Henry_Ellwood9652@guentu.biz,Henry Ellwood,ExxonMobil,University of Minnesota,Congo,Henry,400-81-23486-85-7
192,Web Developer,Phillip_Eddison5116@extex.org,Phillip Eddison,Zepter,"University of California, Santa Barbara (UCSB)",United Arab Emirates,Phillip,282-80-31142-76-5
193,Audiologist,Marvin_Sherry1941@deavo.com,Marvin Sherry,Areon Impex,Boston College,Guyana,Marvin,102-77-72372-85-7
194,Assistant Buyer,Hank_Morrow318@liret.org,Hank Morrow,Boeing,University of Miami,Laos,Hank,616-81-57703-60-7
195,Call Center Representative,Ethan_Knight4328@bulaffy.com,Ethan Knight,Team Guard SRL,Michigan State University,Uruguay,Ethan,683-23-48663-04-3
196,Fabricator,Daniel_Fox6575@corti.com,Daniel Fox,Coca-Cola Company,Tufts University,China,Daniel,862-44-04780-11-3
197,Cook,Jade_Rainford4300@guentu.biz,Jade Rainford,Apple Inc.,University of Virginia,Angola,Jade,837-40-57264-32-8
198,CNC Operator,Tom_Dallas8128@atink.com,Tom Dallas,Amazon.com,"Stony Brook University, State University of New York",Malawi,Tom,326-33-54018-65-6
199,Biologist,Alison_Mcguire9595@bungar.biz,Alison Mcguire,Facebook,Tulane University,Uruguay,Alison,617-78-14017-78-8
200,Assistant Buyer,Carol_Bennett2264@bauros.biz,Carol Bennett,Biolife Grup,Colorado State University,Taiwan,Carol,438-02-76186-66-4
201,Clerk,George_Stevens3189@grannar.com,George Stevens,Comodo,University of Connecticut,Syria,George,678-83-36686-12-5
202,Service Supervisor,Iris_Vollans6478@ubusive.com,Iris Vollans,Coca-Cola Company,Virginia Polytechnic Institute and State University,Algeria,Iris,121-00-54303-65-5
203,Pharmacist,Noemi_Blackwall3581@elnee.tech,Noemi Blackwall,Global Print,University of Iowa,Fiji,Noemi,410-16-64866-16-5
204,Stockbroker,Monica_Coates1086@nanoff.biz,Monica Coates,AECOM,Emory University,Estonia,Monica,407-67-41854-21-6
205,Bellman,Rosalee_Brock7901@infotech44.tech,Rosalee Brock,It Smart Group,Yale University,Seychelles,Rosalee,384-34-20203-36-5
206,Doctor,Matt_Reid9083@naiker.biz,Matt Reid,Mars,"University of California, San Diego (UCSD)",Bangladesh,Matt,340-72-21344-14-5
207,Laboratory Technician,Michael_Shelton8752@guentu.biz,Michael Shelton,Global Print,"Stony Brook University, State University of New York",Latvia,Michael,682-06-88038-87-4
208,Accountant,Carmella_Nielson7922@atink.com,Carmella Nielson,Zepter,The University of Georgia,United Arab Emirates,Carmella,413-27-27877-14-6
209,Webmaster,Elisabeth_Kent2166@kideod.biz,Elisabeth Kent,ENEL,University of Chicago,Benin,Elisabeth,464-01-37016-08-4
210,Production Painter,Clint_Mccall6051@tonsy.org,Clint Mccall,ENEL,Georgia Institute of Technology,Cabo Verde,Clint,683-21-62823-62-6
211,Global Logistics Supervisor,Holly_Uttley5237@yahoo.com,Holly Uttley,Mars,University of Massachusetts Amherst,Slovakia,Holly,375-35-01725-22-8
212,Biologist,Carter_Goldsmith1374@hourpy.biz,Carter Goldsmith,Team Guard SRL,California Institute of Technology (Caltech),Malaysia,Carter,124-86-14532-42-5
213,Machine Operator,Hayden_Uttley2647@sheye.org,Hayden Uttley,ENEL,The New School,Egypt,Hayden,836-12-12784-85-5
214,Auditor,Fred_Taylor9586@acrit.org,Fred Taylor,Biolife Grup,University of Pittsburgh,East Timor (Timor-Leste),Fred,758-01-30538-60-2
215,Associate Professor,George_Clark3258@acrit.org,George Clark,Leadertech Consulting,University of Wisconsin-Madison,Denmark,George,388-37-30704-70-5
216,Investment  Advisor,Barry_Jobson9064@qater.org,Barry Jobson,Comcast,"The University of Tennessee, Knoxville",Kuwait,Barry,850-74-68025-57-2
217,Pharmacist,Drew_Andersson6496@womeona.net,Drew Andersson,Demaco,New York University,Guyana,Drew,124-22-63368-73-8
218,Design Engineer,Gabriel_Camden3423@qater.org,Gabriel Camden,Carrefour,University of Miami,Oman,Gabriel,366-21-13174-06-4
219,Design Engineer,Maia_Ashwell2130@nickia.com,Maia Ashwell,Boeing,"University of California, Davis",Panama,Maia,880-64-46167-08-7
220,Webmaster,Moira_Gardner1635@dionrab.com,Moira Gardner,AECOM,University of Florida,Burundi,Moira,227-46-68532-27-6
221,Designer,Luke_Eddison8567@irrepsy.com,Luke Eddison,Telekom,"University of North Carolina, Chapel Hill",Argentina,Luke,548-46-35464-45-6
222,Service Supervisor,Nicole_Ring581@eirey.tech,Nicole Ring,Danone,Colorado State University,Ghana,Nicole,600-67-13104-58-5
223,Mobile Developer,Marvin_Jarrett6138@yahoo.com,Marvin Jarrett,Amazon.com,Washington University in St. Louis,Côte d’Ivoire,Marvin,210-34-70335-77-7
224,Staffing Consultant,Grace_Todd3901@dionrab.com,Grace Todd,Demaco,Colorado State University,Qatar,Grace,061-43-60504-17-6
225,Software Engineer,Emely_Funnell6549@nanoff.biz,Emely Funnell,Biolife Grup,Wayne State University,Moldova,Emely,164-55-81578-33-1
226,Doctor,William_Knott3468@bretoux.com,William Knott,Mars,University of Illinois at Urbana-Champaign,Armenia,William,681-52-86336-70-5
227,HR Specialist,Gladys_Shelton1330@irrepsy.com,Gladys Shelton,ENEL,Emory University,Australia,Gladys,337-22-52723-36-0
228,Baker,Bernadette_Lane2272@bulaffy.com,Bernadette Lane,Metro Cash&Carry,Duke University,Belgium,Bernadette,407-70-52121-64-4
229,Bookkeeper,Bart_Adler1145@twace.org,Bart Adler,Leadertech Consulting,"Stony Brook University, State University of New York",Papua New Guinea,Bart,673-43-84242-57-7
230,Chef Manager,Nick_Fenton6967@cispeto.com,Nick Fenton,It Smart Group,"University of Maryland, College Park",Chile,Nick,058-42-55720-10-2
231,IT Support Staff,Caleb_Hepburn3791@deavo.com,Caleb Hepburn,Comodo,University of South Florida,Spain,Caleb,760-05-14302-35-7
232,Webmaster,Jade_Collins8406@nickia.com,Jade Collins,Mars,Washington State University,Kazakhstan,Jade,564-30-04148-54-6
233,Health Educator,Mark_Mitchell3752@jiman.org,Mark Mitchell,Boeing,University of Minnesota,Paraguay,Mark,561-60-26737-42-1
234,Webmaster,Alan_Lowe4427@guentu.biz,Alan Lowe,Amazon.com,Virginia Polytechnic Institute and State University,Marshall Islands,Alan,820-24-37240-56-0
235,Designer,Bryon_Wren3170@supunk.biz,Bryon Wren,Demaco,University of Illinois at Urbana-Champaign,Equatorial Guinea,Bryon,841-07-61780-01-6
236,Production Painter,Lauren_Hunter3997@fuliss.net,Lauren Hunter,Danone,"University of California, Riverside",Russia,Lauren,632-60-73542-72-2
237,Restaurant Manager,Audrey_Hopkins811@deons.tech,Audrey Hopkins,Biolife Grup,University of Oklahoma,Eritrea,Audrey,570-16-25854-24-6
238,Insurance Broker,Maddison_Hunter3561@kideod.biz,Maddison Hunter,Comcast,Washington University in St. Louis,Togo,Maddison,336-85-27807-21-6
239,Lecturer,Alexander_Harrington648@infotech44.tech,Alexander Harrington,AECOM,Emory University,Mongolia,Alexander,067-36-43616-87-4
240,Mobile Developer,Julian_Collingwood3718@atink.com,Julian Collingwood,Telekom,Massachusets Institute of Technology,China,Julian,158-34-72330-18-3
241,Fabricator,Marvin_Freeburn3845@gompie.com,Marvin Freeburn,21st Century Fox,University of Utah,Chad,Marvin,187-82-32530-84-4
242,Staffing Consultant,Jacob_Bishop4938@cispeto.com,Jacob Bishop,ExxonMobil,"University of California, Santa Barbara (UCSB)",Bulgaria,Jacob,552-55-57601-75-3
243,Physician,Andrea_Price8462@famism.biz,Andrea Price,ExxonMobil,Case Western Reserve University,Guinea,Andrea,073-75-13067-12-3
244,Production Painter,Julius_Shaw7348@bauros.biz,Julius Shaw,Biolife Grup,Johns Hopkins University,Portugal,Julius,678-48-38565-23-4
245,Doctor,Danny_Miller7100@ubusive.com,Danny Miller,Coca-Cola Company,"Stony Brook University, State University of New York",USA,Danny,405-18-80200-23-1
246,Food Technologist,Penelope_Hudson617@nanoff.biz,Penelope Hudson,Danone,Wayne State University,Panama,Penelope,887-14-17028-26-3
247,Inspector,Sara_Gray103@iatim.tech,Sara Gray,Metro Cash&Carry,Michigan State University,Benin,Sara,102-66-74273-87-1
248,Design Engineer,Kurt_Carter9209@womeona.net,Kurt Carter,Coca-Cola Company,University of Virginia,Angola,Kurt,141-11-46146-06-7
249,Inspector,Abdul_Wood9432@gompie.com,Abdul Wood,Coca-Cola Company,University of Southern California,Paraguay,Abdul,746-33-55674-57-8
250,Lecturer,Clint_Rose9273@mafthy.com,Clint Rose,Facebook,University of Iowa,Andorra,Clint,637-57-64536-22-6
251,Cook,Enoch_Reynolds986@gompie.com,Enoch Reynolds,ExxonMobil,University of Iowa,Costa Rica,Enoch,086-21-82533-05-7
252,Budget Analyst,Raquel_Bowen9036@tonsy.org,Raquel Bowen,Global Print,"University of Maryland, College Park",United Arab Emirates,Raquel,568-08-86410-21-2
253,Service Supervisor,Oliver_Roberts6291@acrit.org,Oliver Roberts,ExxonMobil,Harvard University,Namibia,Oliver,116-21-33655-52-2
254,Associate Professor,Javier_Douglas3160@zorer.org,Javier Douglas,Areon Impex,Cornell University,Sao Tome and Principe,Javier,268-68-13482-57-4
255,Investment  Advisor,Mya_Graham3719@atink.com,Mya Graham,ENEL,Stanford University,Greece,Mya,504-73-26083-41-7
256,Design Engineer,Kassandra_Young2024@jiman.org,Kassandra Young,Comodo,Emory University,"Korea, North",Kassandra,544-38-15477-44-0
257,Fabricator,Percy_Baxter831@typill.biz,Percy Baxter,BuzzFeed,Rensselaer Polytechnic University,Argentina,Percy,230-13-17813-02-4
258,Investment  Advisor,Doug_Lynn5641@elnee.tech,Doug Lynn,Metro Cash&Carry,"University of California, Irvine",Zambia,Doug,528-43-33126-83-2
259,Ambulatory Nurse,Madison_Lucas4361@iatim.tech,Madison Lucas,Boeing,Emory University,Switzerland,Madison,373-07-75248-64-6
260,Designer,Mabel_Whinter4818@womeona.net,Mabel Whinter,Coca-Cola Company,University of Miami,Angola,Mabel,217-05-67866-04-8
261,Laboratory Technician,Sloane_Leigh5814@cispeto.com,Sloane Leigh,CarMax,Tulane University,Sri Lanka,Sloane,564-65-75125-81-4
262,Cash Manager,Morgan_Edler9856@irrepsy.com,Morgan Edler,UPC,University of Florida,India,Morgan,416-06-48841-82-4
263,Mobile Developer,Jane_Terry8992@acrit.org,Jane Terry,Biolife Grup,"University of California, Santa Barbara (UCSB)",Slovenia,Jane,575-80-62447-75-1
264,Banker,Marjorie_Rogan1574@gembat.biz,Marjorie Rogan,Comcast,University of Florida,Ghana,Marjorie,126-12-37514-60-5
265,IT Support Staff,Liam_Woodcock2196@vetan.org,Liam Woodcock,Areon Impex,Carnegie Mellon University,Saint Vincent and the Grenadines,Liam,387-18-57138-27-5
266,Web Developer,Norah_John9361@muall.tech,Norah John,Amazon.com,Columbia University,Pakistan,Norah,817-80-26861-08-7
267,Cashier,Henry_Emerson2912@naiker.biz,Henry Emerson,Areon Impex,Wayne State University,Bolivia,Henry,762-16-66626-30-0
268,Health Educator,Anthony_Eaton5454@cispeto.com,Anthony Eaton,ENEL,Tufts University,The Gambia,Anthony,763-34-34317-21-2
269,Biologist,Leslie_Amstead12@liret.org,Leslie Amstead,Carrefour,Iowa State University,"Korea, South",Leslie,576-56-46236-36-8
270,Insurance Broker,Leroy_Furnell3452@liret.org,Leroy Furnell,Areon Impex,University of South Florida,Laos,Leroy,774-32-50411-14-1
271,Insurance Broker,Brooklyn_Upsdell9329@mafthy.com,Brooklyn Upsdell,Amazon.com,Rensselaer Polytechnic University,Chad,Brooklyn,640-81-27878-68-8
272,Laboratory Technician,Mark_Gilbert1196@eirey.tech,Mark Gilbert,Amazon.com,Howard University,Honduras,Mark,544-14-25236-22-0
273,Cash Manager,Nate_Rogers7107@nimogy.biz,Nate Rogers,Erickson,Tulane University,Italy,Nate,715-87-36453-04-8
274,IT Support Staff,Doug_Graham5799@jiman.org,Doug Graham,Leadertech Consulting,Duke University,Qatar,Doug,566-10-75421-83-5
275,Mobile Developer,Maya_Carter1769@grannar.com,Maya Carter,BuzzFeed,"University of Maryland, College Park",Cambodia,Maya,150-67-48007-57-5
276,Associate Professor,Teagan_Mcleod8925@zorer.org,Teagan Mcleod,Danone,University of Miami,Bulgaria,Teagan,548-13-21086-86-4
277,Web Developer,Jaylene_Roth582@iatim.tech,Jaylene Roth,It Smart Group,Wayne State University,Guinea-Bissau,Jaylene,666-52-76588-62-0
278,Machine Operator,Lauren_Campbell6382@ovock.tech,Lauren Campbell,Areon Impex,Texas A&M University,Latvia,Lauren,874-03-08740-73-7
279,Health Educator,Harvey_Jobson3185@acrit.org,Harvey Jobson,Erickson,Columbia University,Lithuania,Harvey,011-65-28811-37-6
280,Fabricator,Alexia_Fulton6376@brety.org,Alexia Fulton,Team Guard SRL,"University of Maryland, Baltimore County",Lebanon,Alexia,456-42-25554-10-6
281,Food Technologist,Kamila_Moreno7037@guentu.biz,Kamila Moreno,AECOM,The University of Arizona,Laos,Kamila,083-45-78654-43-6
282,Project Manager,Barney_Simpson6175@ubusive.com,Barney Simpson,Leadertech Consulting,Brown University,Mauritania,Barney,561-81-61028-77-5
283,Dentist,Alexander_Snell8642@brety.org,Alexander Snell,Boeing,The University of Arizona,Belgium,Alexander,434-45-37212-00-2
284,Design Engineer,Shelby_Fenton1863@mafthy.com,Shelby Fenton,Demaco,George Washington University,Lebanon,Shelby,588-20-08476-00-2
285,Health Educator,Hanna_Mcguire7128@liret.org,Hanna Mcguire,Coca-Cola Company,Carnegie Mellon University,China,Hanna,644-34-72422-37-6
286,Budget Analyst,Chadwick_Antcliff7382@twipet.com,Chadwick Antcliff,Mars,Michigan State University,Romania,Chadwick,023-43-81732-81-1
287,Operator,Rick_Norton895@tonsy.org,Rick Norton,21st Century Fox,Howard University,Nepal,Rick,540-71-62468-84-4
288,Bellman,Eduardo_Addison3732@elnee.tech,Eduardo Addison,Metro Cash&Carry,University of Hawai,Botswana,Eduardo,753-14-71142-72-5
289,Cook,Rufus_Bowen4176@gompie.com,Rufus Bowen,Boeing,"University of California, Berkeley (UCB)",Bahrain,Rufus,168-55-55770-74-5
290,Staffing Consultant,Agnes_Logan5288@ubusive.com,Agnes Logan,AECOM,"University of Maryland, Baltimore County",Uzbekistan,Agnes,514-13-05070-57-4
291,Laboratory Technician,Manuel_Larsen5215@iatim.tech,Manuel Larsen,Zepter,"University of Maryland, Baltimore County",Czech Republic,Manuel,312-10-62048-53-0
292,Business Broker,Allison_Boden5600@tonsy.org,Allison Boden,DynCorp,The Ohio State University,Nepal,Allison,768-78-23786-27-7
293,Operator,Mark_Walsh8974@sheye.org,Mark Walsh,DynCorp,University of Michigan,"Sudan, South",Mark,205-36-62045-45-2
294,Retail Trainee,Laila_Wilcox9023@nimogy.biz,Laila Wilcox,Mars,Purdue University,Mali,Laila,118-65-85203-21-4
295,Doctor,Adeline_Walker6065@cispeto.com,Adeline Walker,DynCorp,University of Miami,Zambia,Adeline,220-20-70707-53-8
296,Chef Manager,Bart_Steer3746@cispeto.com,Bart Steer,Vodafone,"University of California, Irvine",Maldives,Bart,210-38-22022-63-7
297,Production Painter,Emery_Lambert7482@liret.org,Emery Lambert,Team Guard SRL,"University of California, Los Angeles (UCLA)",China,Emery,418-71-44128-11-8
298,Cash Manager,Fred_Dempsey7791@grannar.com,Fred Dempsey,Coca-Cola Company,Washington University in St. Louis,Vatican City,Fred,544-73-74683-77-6
299,Audiologist,Marvin_Ralph7746@mafthy.com,Marvin Ralph,Danone,Florida State University,Peru,Marvin,265-60-18452-81-4
300,Cashier,Jennifer_Terry7153@mafthy.com,Jennifer Terry,AECOM,Florida State University,Libya,Jennifer,312-32-65734-37-2
301,Fabricator,Julian_Fox4043@zorer.org,Julian Fox,AECOM,Princeton University,Turkey,Julian,743-07-75743-73-3
302,Physician,Rose_Cavanagh2091@hourpy.biz,Rose Cavanagh,Boeing,The University of Arizona,China,Rose,751-41-38163-07-2
303,Inspector,Wade_Egerton7916@sveldo.biz,Wade Egerton,Leadertech Consulting,Johns Hopkins University,Qatar,Wade,073-62-14568-63-6
304,Loan Officer,Jennifer_Welsch2836@bungar.biz,Jennifer Welsch,Erickson,Northeastern University,Liberia,Jennifer,341-65-53062-47-4
305,Pharmacist,Erica_Allen7588@muall.tech,Erica Allen,Coca-Cola Company,University of Washington,Saint Vincent and the Grenadines,Erica,180-02-41755-16-3
306,Mobile Developer,Aiden_Moreno9203@twipet.com,Aiden Moreno,Telekom,University of Texas at Austin,Serbia,Aiden,772-52-11166-52-3
307,Global Logistics Supervisor,Renee_Middleton8404@guentu.biz,Renee Middleton,BuzzFeed,University of Texas Dallas,Moldova,Renee,577-18-52660-86-0
308,Bookkeeper,Ron_Taylor480@nimogy.biz,Ron Taylor,ENEL,Washington State University,Kyrgyzstan,Ron,014-26-85462-68-2
309,Bookkeeper,Penelope_Burge5110@bungar.biz,Penelope Burge,Areon Impex,North Carolina State University,Chad,Penelope,261-57-55711-81-7
310,Machine Operator,Evelynn_Reyes3033@twace.org,Evelynn Reyes,21st Century Fox,Arizona State University,Lebanon,Evelynn,817-28-18148-34-8
311,Laboratory Technician,Carl_Saunders9383@qater.org,Carl Saunders,Amazon.com,"University of California, San Diego (UCSD)",Tunisia,Carl,805-13-45576-25-6
312,Global Logistics Supervisor,Aiden_Holmes4706@bungar.biz,Aiden Holmes,Comodo,Carnegie Mellon University,Denmark,Aiden,736-84-61133-54-1
313,Call Center Representative,Mavis_Bingham4080@grannar.com,Mavis Bingham,BuzzFeed,Wake Forest University,France,Mavis,220-03-51380-78-2
314,Baker,Lucas_Wilkinson8658@irrepsy.com,Lucas Wilkinson,Biolife Grup,University of Wisconsin-Madison,Mozambique,Lucas,028-77-86447-71-0
315,Inspector,Audrey_Becker4864@fuliss.net,Audrey Becker,Coca-Cola Company,"University of Maryland, Baltimore County",Tajikistan,Audrey,515-23-34634-23-1
316,Fabricator,Vera_Casey1921@nickia.com,Vera Casey,ENEL,University of Pennsylvania,El Salvador,Vera,111-84-44852-35-5
317,Cash Manager,Caleb_Shaw3794@dionrab.com,Caleb Shaw,DynCorp,"University of California, Santa Cruz",Argentina,Caleb,762-12-76738-85-0
318,Laboratory Technician,Rowan_Needham9690@tonsy.org,Rowan Needham,Metro Cash&Carry,Indiana University Bloomington,Kuwait,Rowan,051-31-25236-57-2
319,Biologist,Anabel_Lynch6426@bretoux.com,Anabel Lynch,DynCorp,"University of California, Davis",Marshall Islands,Anabel,586-73-04058-37-5
320,HR Specialist,Karen_Matthews4048@liret.org,Karen Matthews,Carrefour,University of Pennsylvania,Central African Republic,Karen,011-57-57401-05-8
321,Assistant Buyer,Nathan_Lane4905@naiker.biz,Nathan Lane,Global Print,University of Florida,Cameroon,Nathan,448-82-20857-74-8
322,Assistant Buyer,Sienna_Taylor8876@twipet.com,Sienna Taylor,Carrefour,University of Kansas,Zimbabwe,Sienna,706-71-24622-83-5
323,Electrician,Carter_Edwards5565@womeona.net,Carter Edwards,Vodafone,Northwestern University,Botswana,Carter,632-16-02880-72-6
324,Doctor,Jamie_Milner7447@gmail.com,Jamie Milner,Boeing,University of Pennsylvania,Madagascar,Jamie,458-01-25645-65-2
325,Mobile Developer,Tyler_Bryant4554@irrepsy.com,Tyler Bryant,Comcast,Tulane University,Indonesia,Tyler,538-76-74776-51-8
326,Designer,Trisha_Dobson9381@ubusive.com,Trisha Dobson,21st Century Fox,University of Michigan,Micronesia,Trisha,405-88-01831-25-0
327,Designer,Jaylene_Gosling7202@eirey.tech,Jaylene Gosling,Mars,Lehigh University,Fiji,Jaylene,013-77-84400-34-7
328,Associate Professor,Sydney_Oatway4800@iatim.tech,Sydney Oatway,BuzzFeed,University of New Mexico,Tuvalu,Sydney,835-53-52586-24-0
329,Lecturer,Makenzie_Johnson1972@joiniaa.com,Makenzie Johnson,DynCorp,University of Oklahoma,Botswana,Makenzie,147-30-77618-65-1
330,Associate Professor,Adalind_Hopkins8912@gembat.biz,Adalind Hopkins,ENEL,"University of California, San Diego (UCSD)",Cameroon,Adalind,127-71-73344-26-1
331,Global Logistics Supervisor,Deborah_West4551@naiker.biz,Deborah West,Vodafone,Case Western Reserve University,Vatican City,Deborah,732-57-75456-04-3
332,Clerk,Sasha_Connor9824@elnee.tech,Sasha Connor,Zepter,"Stony Brook University, State University of New York",Italy,Sasha,337-14-43657-07-4
333,Lecturer,George_Stevens4939@naiker.biz,George Stevens,CarMax,Clark University,Madagascar,George,666-14-26778-85-8
334,Systems Administrator,Caydence_Cann1417@nanoff.biz,Caydence Cann,Boeing,"University of Maryland, College Park",Guinea,Caydence,440-16-18884-37-6
335,Chef Manager,Melody_Rodgers560@fuliss.net,Melody Rodgers,DynCorp,University of Southern California,Djibouti,Melody,874-76-31570-44-1
336,Steward,Janice_Cowan5896@qater.org,Janice Cowan,Boeing,Illinois Institute of Technology,Sudan,Janice,210-52-81172-03-5
337,Assistant Buyer,Josh_Bentley6035@brety.org,Josh Bentley,Global Print,University of Massachusetts Amherst,Lesotho,Josh,218-22-64382-04-5
338,Assistant Buyer,Dasha_Dwyer2883@womeona.net,Dasha Dwyer,Facebook,Boston University,Congo,Dasha,364-75-61216-68-7
339,Executive Director,Ramon_Olivier3899@nickia.com,Ramon Olivier,Comcast,Georgetown University,Ethiopia,Ramon,315-31-24360-10-6
340,Assistant Buyer,Havana_Blythe7208@eirey.tech,Havana Blythe,Zepter,"The University of Tennessee, Knoxville",Yemen,Havana,664-73-15107-05-3
341,Cash Manager,Sebastian_Cameron8757@sheye.org,Sebastian Cameron,Facebook,Florida State University,Finland,Sebastian,761-32-12814-60-3
342,Treasurer,Chadwick_Cartwright3537@naiker.biz,Chadwick Cartwright,Biolife Grup,Illinois Institute of Technology,"Korea, North",Chadwick,018-21-71383-30-8
343,Call Center Representative,Elle_Egerton4480@zorer.org,Elle Egerton,Comodo,Emory University,Russia,Elle,730-43-18383-64-6
344,Cook,Agnes_Michael4058@naiker.biz,Agnes Michael,ExxonMobil,Duke University,Pakistan,Agnes,537-86-84368-55-3
345,Designer,Ron_Clarkson9858@supunk.biz,Ron Clarkson,Leadertech Consulting,Northwestern University,Cuba,Ron,241-54-73427-74-6
346,Production Painter,Tyson_Allcott447@bulaffy.com,Tyson Allcott,Leadertech Consulting,University of Illinois at Urbana-Champaign,Czech Republic,Tyson,705-87-38730-75-0
347,Service Supervisor,Bernadette_Gaynor6673@ovock.tech,Bernadette Gaynor,Global Print,Carnegie Mellon University,Nepal,Bernadette,677-30-04358-44-6
348,Food Technologist,Nick_Powell9879@corti.com,Nick Powell,ENEL,Howard University,Libya,Nick,616-25-35252-00-3
349,Web Developer,Chelsea_Quinn9477@jiman.org,Chelsea Quinn,Comodo,"University of California, Riverside",Kenya,Chelsea,046-70-06872-28-1
350,Machine Operator,Paula_Bradshaw1547@sheye.org,Paula Bradshaw,Comcast,The Katz School at Yeshiva University,Antigua and Barbuda,Paula,356-12-56413-37-0
351,Cook,Raquel_Palmer5702@gompie.com,Raquel Palmer,Biolife Grup,Oregon State University,Grenada,Raquel,635-56-44120-38-0
352,Laboratory Technician,Liam_Oliver1121@bretoux.com,Liam Oliver,21st Century Fox,Drexel University,Paraguay,Liam,424-52-67176-65-8
353,Biologist,Julian_Boyle1973@famism.biz,Julian Boyle,Carrefour,University of Florida,Ecuador,Julian,310-45-37422-77-7
354,Bellman,Britney_Redwood7967@eirey.tech,Britney Redwood,Comodo,Boston University,"Sudan, South",Britney,240-72-82018-61-8
355,Cook,Rocco_Latham4617@acrit.org,Rocco Latham,Comcast,"University of California, Riverside",Tonga,Rocco,613-36-60270-16-7
356,Health Educator,Courtney_Khan8588@gembat.biz,Courtney Khan,Vodafone,North Carolina State University,Ukraine,Courtney,063-55-36767-27-6
357,Physician,Hayden_Cattell4879@dionrab.com,Hayden Cattell,Areon Impex,Wayne State University,Cameroon,Hayden,014-03-22411-37-1
358,Project Manager,Roger_Nobbs7017@womeona.net,Roger Nobbs,Comodo,Colorado State University,United Kingdom,Roger,406-42-25610-63-5
359,Steward,Harry_Dixon4354@corti.com,Harry Dixon,Vodafone,Pennsylvania State University,The Gambia,Harry,386-67-13330-26-6
360,Healthcare Specialist,Kirsten_Simpson9928@bungar.biz,Kirsten Simpson,ENEL,"University of Maryland, College Park",Burundi,Kirsten,160-88-46051-53-6
361,Treasurer,Michael_Reading3625@supunk.biz,Michael Reading,ExxonMobil,Case Western Reserve University,Poland,Michael,173-52-04422-00-6
362,Executive Director,Jade_Pitt7885@mafthy.com,Jade Pitt,Apple Inc.,Oregon State University,The Gambia,Jade,126-30-34502-63-5
363,Staffing Consultant,Denny_Plant7338@iatim.tech,Denny Plant,Carrefour,Indiana University Bloomington,Serbia,Denny,360-77-41512-20-6
364,Paramedic,Noah_Exton125@infotech44.tech,Noah Exton,Zepter,University of Texas at Austin,Japan,Noah,232-43-75763-16-8
365,Design Engineer,Wade_Cooper9683@joiniaa.com,Wade Cooper,ENEL,"University of Maryland, College Park",New Zealand,Wade,144-34-26501-15-3
366,Mobile Developer,Domenic_Rogan3101@yahoo.com,Domenic Rogan,Apple Inc.,University of Illinois at Urbana-Champaign,Côte d’Ivoire,Domenic,881-75-63026-67-1
367,Inspector,Ember_Shepherd2331@deons.tech,Ember Shepherd,Carrefour,"University of California, Los Angeles (UCLA)",Indonesia,Ember,426-56-17036-73-5
368,Associate Professor,Angel_Gunn228@tonsy.org,Angel Gunn,Carrefour,University of Notre Dame,China,Angel,845-63-08724-40-4
369,Steward,Chuck_Lindsay2482@atink.com,Chuck Lindsay,Vodafone,"University of California, Los Angeles (UCLA)",Kuwait,Chuck,061-47-64071-00-2
370,Food Technologist,Candice_Dixon7634@atink.com,Candice Dixon,Biolife Grup,California Institute of Technology (Caltech),Pakistan,Candice,750-35-78886-18-4
371,Lecturer,Ramon_Ellis2485@ubusive.com,Ramon Ellis,Vodafone,University of Utah,Benin,Ramon,835-88-14306-46-7
372,Ambulatory Nurse,Jack_Farrow6850@deons.tech,Jack Farrow,Areon Impex,Cornell University,Lesotho,Jack,725-12-64822-65-5
373,Machine Operator,Phillip_Wise8305@kideod.biz,Phillip Wise,Leadertech Consulting,Emory University,Spain,Phillip,378-85-71506-06-4
374,Investment  Advisor,Ema_Casey7493@bungar.biz,Ema Casey,Danone,Colorado State University,"Korea, North",Ema,820-66-48246-53-7
375,Web Developer,Callie_Silva5823@sheye.org,Callie Silva,Telekom,University of Oklahoma,Sri Lanka,Callie,580-33-80654-01-7
376,Inspector,Alexander_Redwood6823@bauros.biz,Alexander Redwood,Boeing,University of Texas at Austin,Argentina,Alexander,014-35-45336-18-6
377,Software Engineer,Mark_Mccall9419@eirey.tech,Mark Mccall,DynCorp,University of Chicago,Maldives,Mark,268-43-23072-72-8
378,CNC Operator,Chuck_Whittle5687@sveldo.biz,Chuck Whittle,21st Century Fox,University of Miami,Suriname,Chuck,888-71-75753-17-7
379,IT Support Staff,Kendra_Nicolas2637@bungar.biz,Kendra Nicolas,21st Century Fox,Clark University,Cambodia,Kendra,042-62-05667-88-7
380,Call Center Representative,Jazmin_Briggs5587@irrepsy.com,Jazmin Briggs,Carrefour,University of Connecticut,Vanuatu,Jazmin,100-24-14728-40-7
381,Production Painter,Nick_Randall5460@atink.com,Nick Randall,Amazon.com,Pennsylvania State University,Congo,Nick,888-34-41377-15-2
382,Call Center Representative,Gil_Stark4911@nanoff.biz,Gil Stark,Boeing,Washington University in St. Louis,Malawi,Gil,461-18-60886-77-1
383,Accountant,Miley_Phillips9726@deavo.com,Miley Phillips,Areon Impex,"The University of Tennessee, Knoxville",Philippines,Miley,811-37-48667-67-3
384,Associate Professor,Jayden_Walker4527@acrit.org,Jayden Walker,BuzzFeed,New York University,Serbia,Jayden,740-46-47115-87-7
385,Pharmacist,Maya_Coll5544@ovock.tech,Maya Coll,21st Century Fox,North Carolina State University,Denmark,Maya,127-07-33251-64-3
386,Accountant,Melody_Garcia4829@zorer.org,Melody Garcia,Leadertech Consulting,University of Texas Dallas,Algeria,Melody,743-21-05785-37-2
387,Electrician,Martin_Edley4049@typill.biz,Martin Edley,BuzzFeed,North Carolina State University,Japan,Martin,025-31-47434-20-3
388,Electrician,Madelyn_Poulton3326@muall.tech,Madelyn Poulton,ExxonMobil,Harvard University,Bosnia and Herzegovina,Madelyn,143-46-07467-01-3
389,Electrician,Alexander_Hunt1457@infotech44.tech,Alexander Hunt,UPC,Georgetown University,Austria,Alexander,423-38-02422-40-1
390,HR Specialist,Johnathan_Gonzales7364@iatim.tech,Johnathan Gonzales,Amazon.com,Princeton University,Netherlands,Johnathan,827-48-34477-72-0
391,Steward,Monica_Ross7584@liret.org,Monica Ross,21st Century Fox,University at Buffalo SUNY,Grenada,Monica,638-57-13273-10-2
392,Clerk,Phoebe_Furnell8705@extex.org,Phoebe Furnell,Zepter,Colorado State University,Brunei,Phoebe,180-75-45764-81-5
393,Lecturer,Brad_Eaton3243@twace.org,Brad Eaton,Demaco,Washington State University,Solomon Islands,Brad,087-86-65327-40-2
394,Lecturer,Anthony_Robinson8658@iatim.tech,Anthony Robinson,CarMax,Emory University,Cameroon,Anthony,015-17-83657-66-7
395,HR Specialist,Julius_Kidd8790@twipet.com,Julius Kidd,Erickson,Tufts University,Switzerland,Julius,641-46-56288-74-8
396,Cash Manager,Kaylee_Vincent6747@yahoo.com,Kaylee Vincent,Demaco,Tufts University,Laos,Kaylee,252-48-70662-38-4
397,CNC Operator,Adela_Bullock7675@bulaffy.com,Adela Bullock,Erickson,The University of Arizona,Malaysia,Adela,731-23-28526-70-2
398,Cashier,Daphne_Kelly8869@gembat.biz,Daphne Kelly,Vodafone,Georgetown University,Netherlands,Daphne,082-15-54258-74-6
399,Baker,Evelynn_Edwards7868@sheye.org,Evelynn Edwards,Carrefour,Brandeis University,Nauru,Evelynn,047-38-01005-42-2
400,Pharmacist,Gwen_Rose3619@nanoff.biz,Gwen Rose,Comodo,Illinois Institute of Technology,Monaco,Gwen,267-37-83331-42-8
401,Baker,Elijah_Jeffery3880@sveldo.biz,Elijah Jeffery,Telekom,Virginia Polytechnic Institute and State University,Central African Republic,Elijah,035-25-20388-61-1
402,Physician,George_Attwood1764@iatim.tech,George Attwood,Facebook,Boston University,United Kingdom,George,782-27-46683-10-5
403,Service Supervisor,Renee_Jones884@acrit.org,Renee Jones,Coca-Cola Company,Georgetown University,Turkey,Renee,575-26-01801-86-5
404,HR Specialist,Ada_Addison5897@nimogy.biz,Ada Addison,It Smart Group,Brandeis University,Mongolia,Ada,814-06-67431-02-3
405,Assistant Buyer,George_Potter6547@nickia.com,George Potter,Coca-Cola Company,Rensselaer Polytechnic University,Kuwait,George,187-25-05631-41-7
406,Global Logistics Supervisor,Johnathan_Villiger3967@sveldo.biz,Johnathan Villiger,UPC,The University of Georgia,Brazil,Johnathan,631-55-87040-00-8
407,Web Developer,Lorraine_Saunders7876@infotech44.tech,Lorraine Saunders,Demaco,Lehigh University,Indonesia,Lorraine,615-27-02277-13-1
408,Business Broker,Doug_Addley6094@bungar.biz,Doug Addley,Erickson,University of Utah,Eritrea,Doug,174-14-82241-86-5
409,HR Specialist,Chadwick_Armstrong7436@bauros.biz,Chadwick Armstrong,Vodafone,University of Chicago,Antigua and Barbuda,Chadwick,753-62-13354-21-8
410,Systems Administrator,Isla_Stark2791@yahoo.com,Isla Stark,Leadertech Consulting,Rensselaer Polytechnic University,Lithuania,Isla,437-08-04153-30-0
411,Assistant Buyer,Kurt_Stevens555@ovock.tech,Kurt Stevens,It Smart Group,Washington University in St. Louis,Trinidad and Tobago,Kurt,430-25-41415-77-1
412,Operator,Rihanna_Brooks3551@guentu.biz,Rihanna Brooks,ENEL,"University of California, Davis",Swaziland,Rihanna,786-88-65851-30-8
413,Pharmacist,Carina_Dillon62@fuliss.net,Carina Dillon,Carrefour,Boston University,Namibia,Carina,116-68-47520-45-5
414,Webmaster,Selena_Gaynor4018@guentu.biz,Selena Gaynor,Vodafone,"University of California, Davis",Cameroon,Selena,310-31-48747-60-6
415,Doctor,Daron_Moore1078@twace.org,Daron Moore,Coca-Cola Company,University of Notre Dame,Jamaica,Daron,538-81-74518-74-6
416,Production Painter,Harry_Vince3074@nimogy.biz,Harry Vince,Comcast,Yale University,Kazakhstan,Harry,752-83-15708-61-4
417,Physician,Chester_Middleton882@acrit.org,Chester Middleton,Boeing,University of Massachusetts Amherst,Zambia,Chester,117-56-16734-68-4
418,Software Engineer,Quinn_Ranks3632@yahoo.com,Quinn Ranks,Metro Cash&Carry,New York University,Monaco,Quinn,750-81-18507-81-3
419,Pharmacist,Hayden_Connell3697@fuliss.net,Hayden Connell,21st Century Fox,Duke University,Italy,Hayden,451-14-06872-71-3
420,Production Painter,Hayden_Forth5744@qater.org,Hayden Forth,Zepter,Massachusets Institute of Technology,Ukraine,Hayden,038-41-57535-35-1
421,Assistant Buyer,Kieth_Rose9239@guentu.biz,Kieth Rose,Comodo,University of Minnesota,Panama,Kieth,326-71-62337-65-4
422,Associate Professor,Anthony_Hooper1097@deons.tech,Anthony Hooper,It Smart Group,Iowa State University,Canada,Anthony,771-10-07873-74-8
423,Systems Administrator,Hazel_Drew2006@supunk.biz,Hazel Drew,Areon Impex,The Ohio State University,Spain,Hazel,758-76-60787-61-3
424,Software Engineer,Estrella_Varley1680@gompie.com,Estrella Varley,UPC,Drexel University,Lesotho,Estrella,607-51-36878-83-8
425,Restaurant Manager,Maia_Stone 1274@qater.org,Maia Stone ,Comodo,Massachusets Institute of Technology,India,Maia,671-76-35136-44-7
426,CNC Operator,Cara_Bryant6683@deons.tech,Cara Bryant,Comodo,"University of Maryland, College Park",Nepal,Cara,108-07-37358-75-2
427,Ambulatory Nurse,Bryon_Wellington3188@bretoux.com,Bryon Wellington,Leadertech Consulting,Washington University in St. Louis,Australia,Bryon,746-12-14183-88-5
428,Operator,Phillip_Mccormick2403@supunk.biz,Phillip Mccormick,Areon Impex,Wayne State University,Dominican Republic,Phillip,516-86-20664-28-1
429,Health Educator,Julius_Gregory6292@guentu.biz,Julius Gregory,ENEL,Drexel University,Myanmar,Julius,623-24-87015-03-7
430,Physician,Bryon_Tate3181@atink.com,Bryon Tate,Team Guard SRL,Pennsylvania State University,Tajikistan,Bryon,658-22-71605-32-4
431,Budget Analyst,Rufus_Baldwin257@ovock.tech,Rufus Baldwin,Facebook,University of New Mexico,Dominica,Rufus,776-81-61527-61-5
432,Design Engineer,Camden_Warden9962@bulaffy.com,Camden Warden,Metro Cash&Carry,University at Buffalo SUNY,Haiti,Camden,848-06-85118-10-6
433,Mobile Developer,Erin_Rossi4046@grannar.com,Erin Rossi,UPC,"University of California, Santa Barbara (UCSB)",Kazakhstan,Erin,436-71-42878-04-7
434,Auditor,Carl_Clark2959@extex.org,Carl Clark,It Smart Group,Case Western Reserve University,Brazil,Carl,858-15-33470-03-0
435,Design Engineer,Jolene_Dale310@qater.org,Jolene Dale,21st Century Fox,Boston College,Congo,Jolene,022-23-43241-86-3
436,HR Coordinator,Tom_Hilton8871@gompie.com,Tom Hilton,Global Print,"University of Maryland, College Park",Denmark,Tom,331-27-04823-56-5
437,HR Coordinator,Callie_Bishop9178@dionrab.com,Callie Bishop,Demaco,Duke University,United Arab Emirates,Callie,322-10-71868-10-8
438,Laboratory Technician,Natalie_Knight3795@deavo.com,Natalie Knight,AECOM,Iowa State University,Israel,Natalie,155-20-48514-34-8
439,Banker,Benjamin_Raven7373@hourpy.biz,Benjamin Raven,Apple Inc.,University of Massachusetts Amherst,Lebanon,Benjamin,445-81-72670-07-1
440,Mobile Developer,Angelina_Osman5980@yahoo.com,Angelina Osman,Comodo,University of Connecticut,Malaysia,Angelina,548-22-03864-74-0
441,Biologist,Moira_Turner1469@elnee.tech,Moira Turner,AECOM,University of Illinois at Urbana-Champaign,Angola,Moira,406-10-28125-86-8
442,Dentist,Adalie_Buckley1554@ubusive.com,Adalie Buckley,Amazon.com,"University of California, Santa Barbara (UCSB)",Dominican Republic,Adalie,855-41-62751-12-8
443,Budget Analyst,Gabriel_Willis1016@extex.org,Gabriel Willis,UPC,University of Pittsburgh,Colombia,Gabriel,431-38-35216-80-1
444,Lecturer,Danielle_Johnson2951@ovock.tech,Danielle Johnson,Metro Cash&Carry,Drexel University,Brazil,Danielle,552-23-41287-26-0
445,Cash Manager,Johnathan_Knight8832@jiman.org,Johnathan Knight,Apple Inc.,University of Minnesota,Solomon Islands,Johnathan,386-43-38647-17-6
446,Retail Trainee,Fred_Robe1049@deons.tech,Fred Robe,Areon Impex,"University of North Carolina, Chapel Hill",Seychelles,Fred,638-22-45016-60-1
447,Lecturer,Bree_Allington8105@jiman.org,Bree Allington,Vodafone,University of Wisconsin-Madison,China,Bree,424-64-87120-62-1
448,Budget Analyst,Percy_Yarlett5114@sveldo.biz,Percy Yarlett,ENEL,Case Western Reserve University,Tajikistan,Percy,063-81-10265-62-7
449,Systems Administrator,Rose_Brock5972@tonsy.org,Rose Brock,CarMax,Stanford University,Japan,Rose,380-22-86608-70-2
450,Design Engineer,Destiny_Norris7644@atink.com,Destiny Norris,Areon Impex,Arizona State University,Guinea-Bissau,Destiny,584-82-35425-02-2
451,Operator,Ema_Wise602@cispeto.com,Ema Wise,Areon Impex,Stanford University,Kenya,Ema,362-82-36374-31-2
452,Treasurer,Taylor_Wellington3533@tonsy.org,Taylor Wellington,Demaco,University of Utah,Azerbaijan,Taylor,004-86-08033-66-4
453,Lecturer,Jacob_Truscott1761@sheye.org,Jacob Truscott,Boeing,"University of Illinois, Chicago (UIC)",Belize,Jacob,701-60-33167-12-6
454,Ambulatory Nurse,Chadwick_Lewin7263@kideod.biz,Chadwick Lewin,Mars,The New School,Bahrain,Chadwick,455-07-21076-34-1
455,Bookkeeper,Andie_Williams5785@nickia.com,Andie Williams,Global Print,Emory University,Uganda,Andie,428-28-74030-47-5
456,Bellman,Carter_Cooper1355@infotech44.tech,Carter Cooper,Zepter,"University of Maryland, College Park",New Zealand,Carter,721-85-56707-36-0
457,Designer,Aiden_Lewis4089@cispeto.com,Aiden Lewis,ExxonMobil,The Katz School at Yeshiva University,Lesotho,Aiden,827-20-08428-71-3
458,Web Developer,Estrella_Norman9002@twipet.com,Estrella Norman,AECOM,University of Colorado Boulder,Barbados,Estrella,484-56-07412-04-2
459,Dentist,Denny_Neal7027@zorer.org,Denny Neal,Leadertech Consulting,Stanford University,Slovakia,Denny,788-42-21547-32-7
460,Assistant Buyer,Jacob_Stevenson9137@nimogy.biz,Jacob Stevenson,Mars,University of Virginia,Comoros,Jacob,083-38-72554-20-0
461,Executive Director,Sebastian_Fowler5784@acrit.org,Sebastian Fowler,Biolife Grup,The University of Georgia,Saint Kitts and Nevis,Sebastian,100-15-23876-63-7
462,Restaurant Manager,Marina_Holt3713@bretoux.com,Marina Holt,BuzzFeed,Boston University,Kiribati,Marina,068-06-01130-67-6
463,Baker,Norah_Norman568@nanoff.biz,Norah Norman,Facebook,University of South Florida,Chad,Norah,357-50-72828-82-8
464,Doctor,George_Cameron3693@hourpy.biz,George Cameron,Zepter,Georgetown University,Afghanistan,George,682-74-41264-24-2
465,Cash Manager,William_Ward2606@qater.org,William Ward,ENEL,Rutgers University - New Brunswick,Brazil,William,733-05-54778-27-8
466,Front Desk Coordinator,John_Keys7758@naiker.biz,John Keys,Comodo,The Ohio State University,Dominican Republic,John,040-82-43577-78-0
467,Chef Manager,Nick_Jefferson5371@bauros.biz,Nick Jefferson,BuzzFeed,Pennsylvania State University,Liechtenstein,Nick,142-46-68056-43-3
468,Bellman,Rick_Gray9877@supunk.biz,Rick Gray,Global Print,North Carolina State University,Dominican Republic,Rick,806-47-77223-75-2
469,Call Center Representative,Eve_Coll7308@muall.tech,Eve Coll,ExxonMobil,University of Florida,Palau,Eve,364-43-21643-36-4
470,Global Logistics Supervisor,Laila_Mitchell394@gembat.biz,Laila Mitchell,Metro Cash&Carry,"University of California, Riverside",Azerbaijan,Laila,565-48-51652-28-5
471,Project Manager,Chadwick_Ellwood5687@deons.tech,Chadwick Ellwood,Leadertech Consulting,University of Iowa,Slovenia,Chadwick,240-30-58556-51-1
472,Stockbroker,Eileen_Talbot5911@vetan.org,Eileen Talbot,DynCorp,Northeastern University,Iceland,Eileen,345-61-45527-31-4
473,Ambulatory Nurse,Benjamin_Blackwall5001@bauros.biz,Benjamin Blackwall,Coca-Cola Company,Yale University,Madagascar,Benjamin,247-34-42480-51-0
474,Executive Director,Nicholas_Moreno4551@fuliss.net,Nicholas Moreno,Areon Impex,"Stony Brook University, State University of New York",Peru,Nicholas,781-65-60006-47-2
475,Service Supervisor,Emerald_Ward1386@supunk.biz,Emerald Ward,DynCorp,University of Hawai,Suriname,Emerald,430-78-18206-14-5
476,Web Developer,Ema_Doherty5493@elnee.tech,Ema Doherty,Boeing,"University of California, Davis",Kiribati,Ema,622-44-64745-74-3
477,Call Center Representative,Fred_Potter8549@sveldo.biz,Fred Potter,Mars,University of Delaware,Czech Republic,Fred,675-85-02730-35-5
478,Biologist,Hope_Dale2469@sheye.org,Hope Dale,Danone,University of Florida,Papua New Guinea,Hope,515-31-17561-18-4
479,Paramedic,Eden_Swift4555@vetan.org,Eden Swift,Zepter,Georgetown University,Greece,Eden,161-70-20785-52-1
480,Accountant,Barry_Wild811@dionrab.com,Barry Wild,ExxonMobil,The Katz School at Yeshiva University,Andorra,Barry,462-15-10244-18-8
481,Designer,Domenic_Bloom4568@irrepsy.com,Domenic Bloom,Boeing,Boston University,Cyprus,Domenic,212-32-85454-38-1
482,Physician,Noah_Stone9113@typill.biz,Noah Stone,Facebook,Wayne State University,Botswana,Noah,024-40-48524-80-4
483,Service Supervisor,Doris_Dobson1063@brety.org,Doris Dobson,CarMax,Virginia Polytechnic Institute and State University,Nauru,Doris,406-68-16504-31-1
484,HR Coordinator,Kurt_Ward1297@grannar.com,Kurt Ward,Coca-Cola Company,Wake Forest University,Togo,Kurt,818-30-58681-33-6
485,Bookkeeper,Adela_Simpson8096@bulaffy.com,Adela Simpson,Mars,Oregon State University,Tonga,Adela,538-72-11537-56-0
486,Treasurer,Jazmin_Lyon1167@mafthy.com,Jazmin Lyon,Apple Inc.,University at Buffalo SUNY,Nigeria,Jazmin,773-30-55613-34-4
487,Health Educator,Brad_Dyson8222@cispeto.com,Brad Dyson,Apple Inc.,University of Virginia,Turkey,Brad,603-24-86711-73-4
488,Audiologist,Hayden_King5489@fuliss.net,Hayden King,Facebook,Pennsylvania State University,Botswana,Hayden,240-11-77671-42-0
489,Food Technologist,Mike_Burge5841@famism.biz,Mike Burge,Erickson,Georgetown University,Italy,Mike,510-27-36830-75-6
490,Doctor,Parker_Hunt8098@infotech44.tech,Parker Hunt,Comcast,University of Vermont,Hungary,Parker,720-17-33353-80-7
491,Restaurant Manager,Cedrick_Cox3733@dionrab.com,Cedrick Cox,BuzzFeed,The University of Arizona,Eritrea,Cedrick,344-05-76237-88-2
492,Restaurant Manager,Caitlyn_Purvis3560@gompie.com,Caitlyn Purvis,Amazon.com,"University of California, Santa Cruz",Netherlands,Caitlyn,650-31-86523-73-8
493,Production Painter,Amy_Healy5323@nimogy.biz,Amy Healy,Comcast,University of Minnesota,USA,Amy,185-36-37628-17-6
494,Dentist,Jocelyn_Thorne7829@corti.com,Jocelyn Thorne,Mars,University of Illinois at Urbana-Champaign,Netherlands,Jocelyn,187-40-75020-46-4
495,Global Logistics Supervisor,Lauren_Jenkins3502@typill.biz,Lauren Jenkins,Demaco,"University of California, San Diego (UCSD)",Swaziland,Lauren,108-66-57882-35-6
496,Budget Analyst,Sonya_Becker69@atink.com,Sonya Becker,Global Print,University of Massachusetts Amherst,Bosnia and Herzegovina,Sonya,303-84-85180-32-6
497,Lecturer,Nicholas_Campbell39@liret.org,Nicholas Campbell,Erickson,Wayne State University,Argentina,Nicholas,273-01-88737-11-6
498,Accountant,Jules_Dowson7981@ubusive.com,Jules Dowson,Mars,"University of California, Los Angeles (UCLA)",Trinidad and Tobago,Jules,148-65-08103-80-6
499,Production Painter,Nina_Locke5913@atink.com,Nina Locke,It Smart Group,University of Pennsylvania,Panama,Nina,050-68-38383-87-6
500,Restaurant Manager,Luke_Denton9408@guentu.biz,Luke Denton,Global Print,University of Delaware,Grenada,Luke,151-71-68651-75-4
501,Executive Director,Tom_Richardson5404@liret.org,Tom Richardson,Biolife Grup,"University of California, Santa Barbara (UCSB)",Costa Rica,Tom,077-62-32122-71-4
502,Mobile Developer,Ethan_Graves1958@kideod.biz,Ethan Graves,21st Century Fox,Texas A&M University,Côte d’Ivoire,Ethan,013-76-37301-44-5
503,Food Technologist,Paige_Whitehouse5688@corti.com,Paige Whitehouse,Comcast,New York University,The Bahamas,Paige,627-23-72011-72-7
504,Ambulatory Nurse,Lara_Knight8708@ubusive.com,Lara Knight,Amazon.com,Tufts University,Nauru,Lara,687-21-76763-84-3
505,HR Specialist,Hazel_Saunders107@famism.biz,Hazel Saunders,Coca-Cola Company,Rice University,Armenia,Hazel,623-28-07508-28-5
506,IT Support Staff,Carl_Walter4419@ubusive.com,Carl Walter,Global Print,"University of California, Santa Barbara (UCSB)",Myanmar,Carl,332-23-27272-62-2
507,Service Supervisor,Bethany_Vollans6043@fuliss.net,Bethany Vollans,It Smart Group,"University of California, Santa Barbara (UCSB)",Monaco,Bethany,134-18-72566-02-8
508,CNC Operator,Julius_Clifton6099@brety.org,Julius Clifton,Zepter,"The University of Tennessee, Knoxville",Seychelles,Julius,125-82-65621-03-1
509,Operator,Leroy_Cattell249@extex.org,Leroy Cattell,Global Print,University at Buffalo SUNY,Macedonia,Leroy,204-78-17335-70-2
510,Budget Analyst,Zoe_Walker5439@yahoo.com,Zoe Walker,Areon Impex,California Institute of Technology (Caltech),Niger,Zoe,157-07-42667-41-8
511,Health Educator,Chris_Abbot3757@qater.org,Chris Abbot,Boeing,"University of Illinois, Chicago (UIC)",Slovenia,Chris,405-56-23425-54-7
512,Auditor,Ema_Jenkin4162@deons.tech,Ema Jenkin,Zepter,Indiana University Bloomington,Bahrain,Ema,501-05-06505-87-0
513,IT Support Staff,Hank_Gonzales531@jiman.org,Hank Gonzales,Global Print,Brown University,Austria,Hank,446-45-80360-44-4
514,Physician,Cynthia_Matthews3388@bauros.biz,Cynthia Matthews,Demaco,Michigan State University,Cuba,Cynthia,408-13-15035-36-4
515,Cash Manager,Gwenyth_Williams7293@iatim.tech,Gwenyth Williams,Facebook,The University of Georgia,Ukraine,Gwenyth,242-76-03840-34-8
516,Mobile Developer,Nick_Stanton8562@naiker.biz,Nick Stanton,Mars,Pennsylvania State University,Togo,Nick,160-63-47087-25-6
517,Bookkeeper,Clint_Partridge5457@iatim.tech,Clint Partridge,AECOM,Wayne State University,Liechtenstein,Clint,306-55-01670-14-2
518,Service Supervisor,Tom_Ramsey9339@sveldo.biz,Tom Ramsey,AECOM,Purdue University,Belize,Tom,220-06-03211-66-3
519,HR Specialist,Harvey_Hunt7450@zorer.org,Harvey Hunt,Team Guard SRL,"University of California, Davis",Guinea,Harvey,421-15-47635-27-7
520,Clerk,Jacqueline_Villiger639@supunk.biz,Jacqueline Villiger,Telekom,Washington State University,El Salvador,Jacqueline,641-78-70358-50-7
521,CNC Operator,Nick_Fulton8735@supunk.biz,Nick Fulton,Metro Cash&Carry,Rutgers University - New Brunswick,Saint Vincent and the Grenadines,Nick,451-42-23772-24-4
522,Dentist,Enoch_Norton9654@vetan.org,Enoch Norton,Coca-Cola Company,Washington State University,Slovakia,Enoch,165-75-85424-25-0
523,Global Logistics Supervisor,Chelsea_Wright7669@fuliss.net,Chelsea Wright,Boeing,"The University of Tennessee, Knoxville",Congo,Chelsea,732-33-52377-10-3
524,Paramedic,Tyson_Riley4310@atink.com,Tyson Riley,Global Print,"University of Maryland, College Park",Uzbekistan,Tyson,284-50-12780-28-8
525,Budget Analyst,Kenzie_Randall204@gembat.biz,Kenzie Randall,DynCorp,University of Massachusetts Amherst,Kyrgyzstan,Kenzie,300-34-20567-10-1
526,Loan Officer,Rocco_Higgs1373@sveldo.biz,Rocco Higgs,CarMax,Texas A&M University,Bosnia and Herzegovina,Rocco,643-57-58102-07-4
527,Physician,Carla_Cadman981@hourpy.biz,Carla Cadman,Metro Cash&Carry,"University of Maryland, Baltimore County",China,Carla,671-12-63066-52-2
528,Inspector,Grace_Wheeler3971@nimogy.biz,Grace Wheeler,Leadertech Consulting,Princeton University,Somalia,Grace,037-43-84013-62-6
529,Chef Manager,Owen_Knott1813@deavo.com,Owen Knott,CarMax,University of Michigan,Ecuador,Owen,121-76-56367-66-7
530,Ambulatory Nurse,Beatrice_Thornton4880@grannar.com,Beatrice Thornton,Zepter,Northwestern University,Benin,Beatrice,507-34-60476-46-2
531,Cashier,Emely_Kelly8937@jiman.org,Emely Kelly,Zepter,Emory University,Namibia,Emely,486-52-57247-77-5
532,CNC Operator,Ciara_Spencer220@joiniaa.com,Ciara Spencer,Vodafone,North Carolina State University,Denmark,Ciara,204-74-72537-56-4
533,Biologist,Daniel_Ellison3951@nimogy.biz,Daniel Ellison,Biolife Grup,"University of California, Los Angeles (UCLA)",Dominica,Daniel,838-14-87224-74-6
534,Steward,Jack_Smith9712@infotech44.tech,Jack Smith,ExxonMobil,Dartmouth College,Norway,Jack,175-06-15043-66-1
535,HR Coordinator,Jayden_Jackson3403@qater.org,Jayden Jackson,Team Guard SRL,Oregon State University,Chile,Jayden,881-87-02654-27-2
536,Cook,Jack_Ventura6362@nimogy.biz,Jack Ventura,Global Print,University of Hawai,Croatia,Jack,704-84-75581-48-8
537,Auditor,Raquel_Vince5227@naiker.biz,Raquel Vince,DynCorp,University of Delaware,Guinea,Raquel,328-76-71141-25-0
538,IT Support Staff,Michaela_Giles3365@dionrab.com,Michaela Giles,Coca-Cola Company,"University of California, Irvine",Venezuela,Michaela,321-74-42141-56-5
539,Pharmacist,Adelaide_Robertson7611@cispeto.com,Adelaide Robertson,Mars,University of Virginia,Pakistan,Adelaide,635-62-40466-53-8
540,Machine Operator,Carter_Murray6424@bulaffy.com,Carter Murray,Erickson,Carnegie Mellon University,Central African Republic,Carter,835-27-71247-20-4
541,Doctor,Gladys_Lowe8221@atink.com,Gladys Lowe,Comodo,The Katz School at Yeshiva University,Paraguay,Gladys,011-38-13773-55-4
542,Fabricator,Matt_Atkinson2267@eirey.tech,Matt Atkinson,ENEL,The Ohio State University,Estonia,Matt,081-86-44015-60-3
543,Dentist,Luke_Abbot20@guentu.biz,Luke Abbot,Telekom,Florida State University,Thailand,Luke,382-05-11878-61-1
544,Associate Professor,Ronald_Payne8547@joiniaa.com,Ronald Payne,Mars,The Ohio State University,Somalia,Ronald,737-68-23245-71-5
545,Software Engineer,Carol_Clayton2980@bungar.biz,Carol Clayton,21st Century Fox,Clark University,Uganda,Carol,212-71-74022-63-1
546,Designer,Mabel_Plant9238@womeona.net,Mabel Plant,Leadertech Consulting,Colorado State University,Turkmenistan,Mabel,386-03-78078-08-0
547,Webmaster,Carl_Mccall5688@bauros.biz,Carl Mccall,UPC,Arizona State University,Cameroon,Carl,410-64-80063-31-7
548,Business Broker,Alexia_Griffiths6647@deons.tech,Alexia Griffiths,It Smart Group,"University of Maryland, Baltimore County",Uzbekistan,Alexia,216-43-07878-66-4
549,HR Coordinator,Ryan_Edwards9625@yahoo.com,Ryan Edwards,DynCorp,Vanderbilt University,Belarus,Ryan,478-20-70031-26-7
550,Food Technologist,Angelique_Cowan9698@twace.org,Angelique Cowan,ExxonMobil,University at Buffalo SUNY,Cyprus,Angelique,306-52-83105-44-5

